# theta1,theta2 in radians, 100 Hz
-1.1781415812,1.9359594175
-1.1781415812,1.9359593756
-1.1781415812,1.9359593337
-1.1781415812,1.9359592919
-1.1781415812,1.9359592500
-1.1781415812,1.9359592081
-1.1781415812,1.9359591662
-1.1781415812,1.9359591243
-1.1781415812,1.9359590824
-1.1781415812,1.9359590406
-1.1781415812,1.9359589987
-1.1781415812,1.9359589568
-1.1781415812,1.9359589149
-1.1781415812,1.9359588730
-1.1781415812,1.9359588311
-1.1781415812,1.9359587892
-1.1781415812,1.9359587474
-1.1781415812,1.9359587055
-1.1781415812,1.9359586636
-1.1781415812,1.9359586217
-1.1781415812,1.9359585798
-1.1781415812,1.9359585379
-1.1781415812,1.9359584961
-1.1781415812,1.9359584542
-1.1781415812,1.9359584123
-1.1781415812,1.9359583704
-1.1781415812,1.9359583285
-1.1781415812,1.9359582866
-1.1781415812,1.9359582447
-1.1781415812,1.9359582029
-1.1781415812,1.9359581610
-1.1781415812,1.9359581191
-1.1781415812,1.9359580772
-1.1781415812,1.9359580353
-1.1781415812,1.9359579934
-1.1781415812,1.9359579516
-1.1781415812,1.9359579097
-1.1781415812,1.9359578678
-1.1781415812,1.9359578259
-1.1781415812,1.9359577840
-1.1781415812,1.9359577421
-1.1781415812,1.9359577002
-1.1781415812,1.9359576584
-1.1781415812,1.9359576165
-1.1781415812,1.9359575746
-1.1781415812,1.9359575327
-1.1781415812,1.9359574908
-1.1781415812,1.9359574489
-1.1781415812,1.9359574070
-1.1781415812,1.9359573652
-1.1781415812,1.9359573233
-1.1781415812,1.9359572814
-1.1781415812,1.9359572395
-1.1781415812,1.9359571976
-1.1781415812,1.9359571557
-1.1781415812,1.9359571139
-1.1781415812,1.9359570720
-1.1781415812,1.9359570301
-1.1781415812,1.9359569882
-1.1781415812,1.9359569463
-1.1781415812,1.9359569044
-1.1781415812,1.9359568625
-1.1781415812,1.9359568207
-1.1781415812,1.9359567788
-1.1781415812,1.9359567369
-1.1781415812,1.9359566950
-1.1781415812,1.9359566531
-1.1781415812,1.9359566112
-1.1781415812,1.9359565694
-1.1781415812,1.9359565275
-1.1781415812,1.9359564856
-1.1781415812,1.9359564437
-1.1781415812,1.9359564018
-1.1781415812,1.9359563599
-1.1781415812,1.9359563180
-1.1781415812,1.9359562762
-1.1781415812,1.9359562343
-1.1781415812,1.9359561924
-1.1781415812,1.9359561505
-1.1781415812,1.9359561086
-1.1781415812,1.9359560667
-1.1781415812,1.9359560248
-1.1781415812,1.9359559830
-1.1781415812,1.9359559411
-1.1781415812,1.9359558992
-1.1781415812,1.9359558573
-1.1781415812,1.9359558154
-1.1781415812,1.9359557735
-1.1781415812,1.9359557317
-1.1781415812,1.9359556898
-1.1781415812,1.9359556479
-1.1781415812,1.9359556060
-1.1781415812,1.9359555641
-1.1781415812,1.9359555222
-1.1781415812,1.9359554803
-1.1781415812,1.9359554385
-1.1781415812,1.9359553966
-1.1781415812,1.9359553547
-1.1781415812,1.9359553128
-1.1781415812,1.9359552709
-1.1781415812,1.9359552290
-1.1781415812,1.9359551872
-1.1781415812,1.9359551453
-1.1781415812,1.9359551034
-1.1781415812,1.9359550615
-1.1781415812,1.9359550196
-1.1781415812,1.9359549777
-1.1781415812,1.9359549358
-1.1781415812,1.9359548940
-1.1781415812,1.9359548521
-1.1781415812,1.9359548102
-1.1781415812,1.9359547683
-1.1781415812,1.9359547264
-1.1781415812,1.9359546845
-1.1781415812,1.9359546427
-1.1781415812,1.9359546008
-1.1781415812,1.9359545589
-1.1781415812,1.9359545170
-1.1781415812,1.9359544751
-1.1781415812,1.9359544332
-1.1781415812,1.9359543913
-1.1781415812,1.9359543495
-1.1781415812,1.9359543076
-1.1781415812,1.9359542657
-1.1781415812,1.9359542238
-1.1781415812,1.9359541819
-1.1781415812,1.9359541400
-1.1781415812,1.9359540981
-1.1781415812,1.9359540563
-1.1781415812,1.9359540144
-1.1781415812,1.9359539725
-1.1781415812,1.9359539306
-1.1781415812,1.9359538887
-1.1781415812,1.9359538468
-1.1781415812,1.9359538050
-1.1781415812,1.9359537631
-1.1781415812,1.9359537212
-1.1781415812,1.9359536793
-1.1781415812,1.9359536374
-1.1781415812,1.9359535955
-1.1781415812,1.9359535536
-1.1781415812,1.9359535118
-1.1781415812,1.9359534699
-1.1781415812,1.9359534280
-1.1781415812,1.9359533861
-1.1781415812,1.9359533442
-1.1781415812,1.9359533023
-1.1781415812,1.9359532605
-1.1781415812,1.9359532186
-1.1781415812,1.9359531767
-1.1781415812,1.9359531348
-1.1781415812,1.9359530929
-1.1781415812,1.9359530510
-1.1781415812,1.9359530091
-1.1781415812,1.9359529673
-1.1781415812,1.9359529254
-1.1781415812,1.9359528835
-1.1781415812,1.9359528416
-1.1781415812,1.9359527997
-1.1781415812,1.9359527578
-1.1781415812,1.9359527159
-1.1781415812,1.9359526741
-1.1781415812,1.9359526322
-1.1781415812,1.9359525903
-1.1781415812,1.9359525484
-1.1781415812,1.9359525065
-1.1781415812,1.9359524646
-1.1781415812,1.9359524228
-1.1781415812,1.9359523809
-1.1781415812,1.9359523390
-1.1781415812,1.9359522971
-1.1781415812,1.9359522552
-1.1781415812,1.9359522133
-1.1781415812,1.9359521714
-1.1781415812,1.9359521296
-1.1781415812,1.9359520877
-1.1781415812,1.9359520458
-1.1781415812,1.9359520039
-1.1781415812,1.9359519620
-1.1781415812,1.9359519201
-1.1781415812,1.9359518783
-1.1781415812,1.9359518364
-1.1781415812,1.9359517945
-1.1781415812,1.9359517526
-1.1781415812,1.9359517107
-1.1781415812,1.9359516688
-1.1781415812,1.9359516269
-1.1781415812,1.9359515851
-1.1781415812,1.9359515432
-1.1781415812,1.9359515013
-1.1781415812,1.9359514594
-1.1781415812,1.9359514175
-1.1781415812,1.9358480491
-1.1781415812,1.9357446807
-1.1781415812,1.9356413123
-1.1781415812,1.9355379438
-1.1781415812,1.9354345754
-1.1781415812,1.9353312070
-1.1781415812,1.9352278386
-1.1781415812,1.9351244702
-1.1781415812,1.9350211017
-1.1781415812,1.9349177333
-1.1781415812,1.9348143649
-1.1781415812,1.9347109965
-1.1781415812,1.9346076280
-1.1781415812,1.9345042596
-1.1781415812,1.9344008912
-1.1781415812,1.9342975228
-1.1781415812,1.9341941544
-1.1781415812,1.9340907859
-1.1781415812,1.9339874175
-1.1781419312,1.9329777175
-1.1781422812,1.9319680175
-1.1781426312,1.9309583175
-1.1781429812,1.9299486175
-1.1781433312,1.9289389175
-1.1781436812,1.9279292175
-1.1781440312,1.9269195175
-1.1781443812,1.9259098175
-1.1781447312,1.9249001175
-1.1781450812,1.9238904175
-1.1781454312,1.9228807175
-1.1781457812,1.9218710175
-1.1781461312,1.9208613175
-1.1781464812,1.9198516175
-1.1781468312,1.9188419175
-1.1781471812,1.9178322175
-1.1781475312,1.9168225175
-1.1781478812,1.9158128175
-1.1781482312,1.9148031175
-1.1781485812,1.9137934175
-1.1781487917,1.9123809965
-1.1781490022,1.9109685754
-1.1781492128,1.9095561544
-1.1781494233,1.9081437333
-1.1781496338,1.9067313123
-1.1781498444,1.9053188912
-1.1781500549,1.9039064702
-1.1781502654,1.9024940491
-1.1781504759,1.9010816280
-1.1781506865,1.8996692070
-1.1781508970,1.8982567859
-1.1781511075,1.8968443649
-1.1781513180,1.8954319438
-1.1781515286,1.8940195228
-1.1781517391,1.8926071017
-1.1781519496,1.8911946807
-1.1781521601,1.8897822596
-1.1781523707,1.8883698386
-1.1781525812,1.8869574175
-1.1781800549,1.8854048912
-1.1782075286,1.8838523649
-1.1782350022,1.8822998386
-1.1782624759,1.8807473123
-1.1782899496,1.8791947859
-1.1783174233,1.8776422596
-1.1783448970,1.8760897333
-1.1783723707,1.8745372070
-1.1783998444,1.8729846807
-1.1784273180,1.8714321544
-1.1784547917,1.8698796280
-1.1784822654,1.8683271017
-1.1785097391,1.8667745754
-1.1785372128,1.8652220491
-1.1785646865,1.8636695228
-1.1785921601,1.8621169965
-1.1786196338,1.8605644702
-1.1786471075,1.8590119438
-1.1786745812,1.8574594175
-1.1787009312,1.8560425175
-1.1787272812,1.8546256175
-1.1787536312,1.8532087175
-1.1787799812,1.8517918175
-1.1788063312,1.8503749175
-1.1788326812,1.8489580175
-1.1788590312,1.8475411175
-1.1788853812,1.8461242175
-1.1789117312,1.8447073175
-1.1789380812,1.8432904175
-1.1789644312,1.8418735175
-1.1789907812,1.8404566175
-1.1790171312,1.8390397175
-1.1790434812,1.8376228175
-1.1790698312,1.8362059175
-1.1790961812,1.8347890175
-1.1791225312,1.8333721175
-1.1791488812,1.8319552175
-1.1791752312,1.8305383175
-1.1792015812,1.8291214175
-1.1792028970,1.8276040491
-1.1792042128,1.8260866807
-1.1792055286,1.8245693123
-1.1792068444,1.8230519438
-1.1792081601,1.8215345754
-1.1792094759,1.8200172070
-1.1792107917,1.8184998386
-1.1792121075,1.8169824702
-1.1792134233,1.8154651017
-1.1792147391,1.8139477333
-1.1792160549,1.8124303649
-1.1792173707,1.8109129965
-1.1792186865,1.8093956280
-1.1792200022,1.8078782596
-1.1792213180,1.8063608912
-1.1792226338,1.8048435228
-1.1792239496,1.8033261544
-1.1792252654,1.8018087859
-1.1792265812,1.8002914175
-1.1792266865,1.7986685228
-1.1792267917,1.7970456280
-1.1792268970,1.7954227333
-1.1792270022,1.7937998386
-1.1792271075,1.7921769438
-1.1792272128,1.7905540491
-1.1792273180,1.7889311544
-1.1792274233,1.7873082596
-1.1792275286,1.7856853649
-1.1792276338,1.7840624702
-1.1792277391,1.7824395754
-1.1792278444,1.7808166807
-1.1792279496,1.7791937859
-1.1792280549,1.7775708912
-1.1792281601,1.7759479965
-1.1792282654,1.7743251017
-1.1792283707,1.7727022070
-1.1792284759,1.7710793123
-1.1792285812,1.7694564175
-1.1792286812,1.7678784675
-1.1792287812,1.7663005175
-1.1792288812,1.7647225675
-1.1792289812,1.7631446175
-1.1792290812,1.7615666675
-1.1792291812,1.7599887175
-1.1792292812,1.7584107675
-1.1792293812,1.7568328175
-1.1792294812,1.7552548675
-1.1792295812,1.7536769175
-1.1792296812,1.7520989675
-1.1792297812,1.7505210175
-1.1792298812,1.7489430675
-1.1792299812,1.7473651175
-1.1792300812,1.7457871675
-1.1792301812,1.7442092175
-1.1792302812,1.7426312675
-1.1792303812,1.7410533175
-1.1792304812,1.7394753675
-1.1792305812,1.7378974175
-1.1792306865,1.7360578386
-1.1792307917,1.7342182596
-1.1792308970,1.7323786807
-1.1792310022,1.7305391017
-1.1792311075,1.7286995228
-1.1792312128,1.7268599438
-1.1792313180,1.7250203649
-1.1792314233,1.7231807859
-1.1792315286,1.7213412070
-1.1792316338,1.7195016280
-1.1792317391,1.7176620491
-1.1792318444,1.7158224702
-1.1792319496,1.7139828912
-1.1792320549,1.7121433123
-1.1792321601,1.7103037333
-1.1792322654,1.7084641544
-1.1792323707,1.7066245754
-1.1792324759,1.7047849965
-1.1792325812,1.7029454175
-1.1792350812,1.7008708175
-1.1792375812,1.6987962175
-1.1792400812,1.6967216175
-1.1792425812,1.6946470175
-1.1792450812,1.6925724175
-1.1792475812,1.6904978175
-1.1792500812,1.6884232175
-1.1792525812,1.6863486175
-1.1792550812,1.6842740175
-1.1792575812,1.6821994175
-1.1792600812,1.6801248175
-1.1792625812,1.6780502175
-1.1792650812,1.6759756175
-1.1792675812,1.6739010175
-1.1792700812,1.6718264175
-1.1792725812,1.6697518175
-1.1792750812,1.6676772175
-1.1792775812,1.6656026175
-1.1792800812,1.6635280175
-1.1792825812,1.6614534175
-1.1794901601,1.6590031544
-1.1796977391,1.6565528912
-1.1799053180,1.6541026280
-1.1801128970,1.6516523649
-1.1803204759,1.6492021017
-1.1805280549,1.6467518386
-1.1807356338,1.6443015754
-1.1809432128,1.6418513123
-1.1811507917,1.6394010491
-1.1813583707,1.6369507859
-1.1815659496,1.6345005228
-1.1817735286,1.6320502596
-1.1819811075,1.6295999965
-1.1821886865,1.6271497333
-1.1823962654,1.6246994702
-1.1826038444,1.6222492070
-1.1828114233,1.6197989438
-1.1830190022,1.6173486807
-1.1832265812,1.6148984175
-1.1838478444,1.6125609438
-1.1844691075,1.6102234702
-1.1850903707,1.6078859965
-1.1857116338,1.6055485228
-1.1863328970,1.6032110491
-1.1869541601,1.6008735754
-1.1875754233,1.5985361017
-1.1881966865,1.5961986280
-1.1888179496,1.5938611544
-1.1894392128,1.5915236807
-1.1900604759,1.5891862070
-1.1906817391,1.5868487333
-1.1913030022,1.5845112596
-1.1919242654,1.5821737859
-1.1925455286,1.5798363123
-1.1931667917,1.5774988386
-1.1937880549,1.5751613649
-1.1944093180,1.5728238912
-1.1950305812,1.5704864175
-1.1956944233,1.5689016807
-1.1963582654,1.5673169438
-1.1970221075,1.5657322070
-1.1976859496,1.5641474702
-1.1983497917,1.5625627333
-1.1990136338,1.5609779965
-1.1996774759,1.5593932596
-1.2003413180,1.5578085228
-1.2010051601,1.5562237859
-1.2016690022,1.5546390491
-1.2023328444,1.5530543123
-1.2029966865,1.5514695754
-1.2036605286,1.5498848386
-1.2043243707,1.5483001017
-1.2049882128,1.5467153649
-1.2056520549,1.5451306280
-1.2063158970,1.5435458912
-1.2069797391,1.5419611544
-1.2076435812,1.5403764175
-1.2084030812,1.5392896675
-1.2091625812,1.5382029175
-1.2099220812,1.5371161675
-1.2106815812,1.5360294175
-1.2114410812,1.5349426675
-1.2122005812,1.5338559175
-1.2129600812,1.5327691675
-1.2137195812,1.5316824175
-1.2144790812,1.5305956675
-1.2152385812,1.5295089175
-1.2159980812,1.5284221675
-1.2167575812,1.5273354175
-1.2175170812,1.5262486675
-1.2182765812,1.5251619175
-1.2190360812,1.5240751675
-1.2197955812,1.5229884175
-1.2205550812,1.5219016675
-1.2213145812,1.5208149175
-1.2220740812,1.5197281675
-1.2228335812,1.5186414175
-1.2239620022,1.5182918386
-1.2250904233,1.5179422596
-1.2262188444,1.5175926807
-1.2273472654,1.5172431017
-1.2284756865,1.5168935228
-1.2296041075,1.5165439438
-1.2307325286,1.5161943649
-1.2318609496,1.5158447859
-1.2329893707,1.5154952070
-1.2341177917,1.5151456280
-1.2352462128,1.5147960491
-1.2363746338,1.5144464702
-1.2375030549,1.5140968912
-1.2386314759,1.5137473123
-1.2397598970,1.5133977333
-1.2408883180,1.5130481544
-1.2420167391,1.5126985754
-1.2431451601,1.5123489965
-1.2442735812,1.5119994175
-1.2456432654,1.5119993123
-1.2470129496,1.5119992070
-1.2483826338,1.5119991017
-1.2497523180,1.5119989965
-1.2511220022,1.5119988912
-1.2524916865,1.5119987859
-1.2538613707,1.5119986807
-1.2552310549,1.5119985754
-1.2566007391,1.5119984702
-1.2579704233,1.5119983649
-1.2593401075,1.5119982596
-1.2607097917,1.5119981544
-1.2620794759,1.5119980491
-1.2634491601,1.5119979438
-1.2648188444,1.5119978386
-1.2661885286,1.5119977333
-1.2675582128,1.5119976280
-1.2689278970,1.5119975228
-1.2702975812,1.5119974175
-1.2715128444,1.5120310491
-1.2727281075,1.5120646807
-1.2739433707,1.5120983123
-1.2751586338,1.5121319438
-1.2763738970,1.5121655754
-1.2775891601,1.5121992070
-1.2788044233,1.5122328386
-1.2800196865,1.5122664702
-1.2812349496,1.5123001017
-1.2824502128,1.5123337333
-1.2836654759,1.5123673649
-1.2848807391,1.5124009965
-1.2860960022,1.5124346280
-1.2873112654,1.5124682596
-1.2885265286,1.5125018912
-1.2897417917,1.5125355228
-1.2909570549,1.5125691544
-1.2921723180,1.5126027859
-1.2933875812,1.5126364175
-1.2944100022,1.5127591017
-1.2954324233,1.5128817859
-1.2964548444,1.5130044702
-1.2974772654,1.5131271544
-1.2984996865,1.5132498386
-1.2995221075,1.5133725228
-1.3005445286,1.5134952070
-1.3015669496,1.5136178912
-1.3025893707,1.5137405754
-1.3036117917,1.5138632596
-1.3046342128,1.5139859438
-1.3056566338,1.5141086280
-1.3066790549,1.5142313123
-1.3077014759,1.5143539965
-1.3087238970,1.5144766807
-1.3097463180,1.5145993649
-1.3107687391,1.5147220491
-1.3117911601,1.5148447333
-1.3128135812,1.5149674175
-1.3138142812,1.5150374175
-1.3148149812,1.5151074175
-1.3158156812,1.5151774175
-1.3168163812,1.5152474175
-1.3178170812,1.5153174175
-1.3188177812,1.5153874175
-1.3198184812,1.5154574175
-1.3208191812,1.5155274175
-1.3218198812,1.5155974175
-1.3228205812,1.5156674175
-1.3238212812,1.5157374175
-1.3248219812,1.5158074175
-1.3258226812,1.5158774175
-1.3268233812,1.5159474175
-1.3278240812,1.5160174175
-1.3288247812,1.5160874175
-1.3298254812,1.5161574175
-1.3308261812,1.5162274175
-1.3318268812,1.5162974175
-1.3328275812,1.5163674175
-1.3341487391,1.5172453123
-1.3354698970,1.5181232070
-1.3367910549,1.5190011017
-1.3381122128,1.5198789965
-1.3394333707,1.5207568912
-1.3407545286,1.5216347859
-1.3420756865,1.5225126807
-1.3433968444,1.5233905754
-1.3447180022,1.5242684702
-1.3460391601,1.5251463649
-1.3473603180,1.5260242596
-1.3486814759,1.5269021544
-1.3500026338,1.5277800491
-1.3513237917,1.5286579438
-1.3526449496,1.5295358386
-1.3539661075,1.5304137333
-1.3552872654,1.5312916280
-1.3566084233,1.5321695228
-1.3579295812,1.5330474175
-1.3593917391,1.5345405228
-1.3608538970,1.5360336280
-1.3623160549,1.5375267333
-1.3637782128,1.5390198386
-1.3652403707,1.5405129438
-1.3667025286,1.5420060491
-1.3681646865,1.5434991544
-1.3696268444,1.5449922596
-1.3710890022,1.5464853649
-1.3725511601,1.5479784702
-1.3740133180,1.5494715754
-1.3754754759,1.5509646807
-1.3769376338,1.5524577859
-1.3783997917,1.5539508912
-1.3798619496,1.5554439965
-1.3813241075,1.5569371017
-1.3827862654,1.5584302070
-1.3842484233,1.5599233123
-1.3857105812,1.5614164175
-1.3871767391,1.5635416807
-1.3886428970,1.5656669438
-1.3901090549,1.5677922070
-1.3915752128,1.5699174702
-1.3930413707,1.5720427333
-1.3945075286,1.5741679965
-1.3959736865,1.5762932596
-1.3974398444,1.5784185228
-1.3989060022,1.5805437859
-1.4003721601,1.5826690491
-1.4018383180,1.5847943123
-1.4033044759,1.5869195754
-1.4047706338,1.5890448386
-1.4062367917,1.5911701017
-1.4077029496,1.5932953649
-1.4091691075,1.5954206280
-1.4106352654,1.5975458912
-1.4121014233,1.5996711544
-1.4135675812,1.6017964175
-1.4149906338,1.6045001544
-1.4164136865,1.6072038912
-1.4178367391,1.6099076280
-1.4192597917,1.6126113649
-1.4206828444,1.6153151017
-1.4221058970,1.6180188386
-1.4235289496,1.6207225754
-1.4249520022,1.6234263123
-1.4263750549,1.6261300491
-1.4277981075,1.6288337859
-1.4292211601,1.6315375228
-1.4306442128,1.6342412596
-1.4320672654,1.6369449965
-1.4334903180,1.6396487333
-1.4349133707,1.6423524702
-1.4363364233,1.6450562070
-1.4377594759,1.6477599438
-1.4391825286,1.6504636807
-1.4406055812,1.6531674175
-1.4417850312,1.6558775675
-1.4429644812,1.6585877175
-1.4441439312,1.6612978675
-1.4453233812,1.6640080175
-1.4465028312,1.6667181675
-1.4476822812,1.6694283175
-1.4488617312,1.6721384675
-1.4500411812,1.6748486175
-1.4512206312,1.6775587675
-1.4524000812,1.6802689175
-1.4535795312,1.6829790675
-1.4547589812,1.6856892175
-1.4559384312,1.6883993675
-1.4571178812,1.6911095175
-1.4582973312,1.6938196675
-1.4594767812,1.6965298175
-1.4606562312,1.6992399675
-1.4618356812,1.7019501175
-1.4630151312,1.7046602675
-1.4641945812,1.7073704175
-1.4650961075,1.7101862070
-1.4659976338,1.7130019965
-1.4668991601,1.7158177859
-1.4678006865,1.7186335754
-1.4687022128,1.7214493649
-1.4696037391,1.7242651544
-1.4705052654,1.7270809438
-1.4714067917,1.7298967333
-1.4723083180,1.7327125228
-1.4732098444,1.7355283123
-1.4741113707,1.7383441017
-1.4750128970,1.7411598912
-1.4759144233,1.7439756807
-1.4768159496,1.7467914702
-1.4777174759,1.7496072596
-1.4786190022,1.7524230491
-1.4795205286,1.7552388386
-1.4804220549,1.7580546280
-1.4813235812,1.7608704175
-1.4817693180,1.7637187859
-1.4822150549,1.7665671544
-1.4826607917,1.7694155228
-1.4831065286,1.7722638912
-1.4835522654,1.7751122596
-1.4839980022,1.7779606280
-1.4844437391,1.7808089965
-1.4848894759,1.7836573649
-1.4853352128,1.7865057333
-1.4857809496,1.7893541017
-1.4862266865,1.7922024702
-1.4866724233,1.7950508386
-1.4871181601,1.7978992070
-1.4875638970,1.8007475754
-1.4880096338,1.8035959438
-1.4884553707,1.8064443123
-1.4889011075,1.8092926807
-1.4893468444,1.8121410491
-1.4897925812,1.8149894175
-1.4898993707,1.8180429438
-1.4900061601,1.8210964702
-1.4901129496,1.8241499965
-1.4902197391,1.8272035228
-1.4903265286,1.8302570491
-1.4904333180,1.8333105754
-1.4905401075,1.8363641017
-1.4906468970,1.8394176280
-1.4907536865,1.8424711544
-1.4908604759,1.8455246807
-1.4909672654,1.8485782070
-1.4910740549,1.8516317333
-1.4911808444,1.8546852596
-1.4912876338,1.8577387859
-1.4913944233,1.8607923123
-1.4915012128,1.8638458386
-1.4916080022,1.8668993649
-1.4917147917,1.8699528912
-1.4918215812,1.8730064175
-1.4918216865,1.8765505228
-1.4918217917,1.8800946280
-1.4918218970,1.8836387333
-1.4918220022,1.8871828386
-1.4918221075,1.8907269438
-1.4918222128,1.8942710491
-1.4918223180,1.8978151544
-1.4918224233,1.9013592596
-1.4918225286,1.9049033649
-1.4918226338,1.9084474702
-1.4918227391,1.9119915754
-1.4918228444,1.9155356807
-1.4918229496,1.9190797859
-1.4918230549,1.9226238912
-1.4918231601,1.9261679965
-1.4918232654,1.9297121017
-1.4918233707,1.9332562070
-1.4918234759,1.9368003123
-1.4918235812,1.9403444175
-1.4918235812,1.9438384702
-1.4918235812,1.9473325228
-1.4918235812,1.9508265754
-1.4918235812,1.9543206280
-1.4918235812,1.9578146807
-1.4918235812,1.9613087333
-1.4918235812,1.9648027859
-1.4918235812,1.9682968386
-1.4918235812,1.9717908912
-1.4918235812,1.9752849438
-1.4918235812,1.9787789965
-1.4918235812,1.9822730491
-1.4918235812,1.9857671017
-1.4918235812,1.9892611544
-1.4918235812,1.9927552070
-1.4918235812,1.9962492596
-1.4918235812,1.9997433123
-1.4918235812,2.0032373649
-1.4918235812,2.0067314175
-1.4918235812,2.0094753175
-1.4918235812,2.0122192175
-1.4918235812,2.0149631175
-1.4918235812,2.0177070175
-1.4918235812,2.0204509175
-1.4918235812,2.0231948175
-1.4918235812,2.0259387175
-1.4918235812,2.0286826175
-1.4918235812,2.0314265175
-1.4918235812,2.0341704175
-1.4918235812,2.0369143175
-1.4918235812,2.0396582175
-1.4918235812,2.0424021175
-1.4918235812,2.0451460175
-1.4918235812,2.0478899175
-1.4918235812,2.0506338175
-1.4918235812,2.0533777175
-1.4918235812,2.0561216175
-1.4918235812,2.0588655175
-1.4918235812,2.0616094175
-1.4918221601,2.0642629965
-1.4918207391,2.0669165754
-1.4918193180,2.0695701544
-1.4918178970,2.0722237333
-1.4918164759,2.0748773123
-1.4918150549,2.0775308912
-1.4918136338,2.0801844702
-1.4918122128,2.0828380491
-1.4918107917,2.0854916280
-1.4918093707,2.0881452070
-1.4918079496,2.0907987859
-1.4918065286,2.0934523649
-1.4918051075,2.0961059438
-1.4918036865,2.0987595228
-1.4918022654,2.1014131017
-1.4918008444,2.1040666807
-1.4917994233,2.1067202596
-1.4917980022,2.1093738386
-1.4917965812,2.1120274175
-1.4917921075,2.1149293649
-1.4917876338,2.1178313123
-1.4917831601,2.1207332596
-1.4917786865,2.1236352070
-1.4917742128,2.1265371544
-1.4917697391,2.1294391017
-1.4917652654,2.1323410491
-1.4917607917,2.1352429965
-1.4917563180,2.1381449438
-1.4917518444,2.1410468912
-1.4917473707,2.1439488386
-1.4917428970,2.1468507859
-1.4917384233,2.1497527333
-1.4917339496,2.1526546807
-1.4917294759,2.1555566280
-1.4917250022,2.1584585754
-1.4917205286,2.1613605228
-1.4917160549,2.1642624702
-1.4917115812,2.1671644175
-1.4917115812,2.1703977859
-1.4917115812,2.1736311544
-1.4917115812,2.1768645228
-1.4917115812,2.1800978912
-1.4917115812,2.1833312596
-1.4917115812,2.1865646280
-1.4917115812,2.1897979965
-1.4917115812,2.1930313649
-1.4917115812,2.1962647333
-1.4917115812,2.1994981017
-1.4917115812,2.2027314702
-1.4917115812,2.2059648386
-1.4917115812,2.2091982070
-1.4917115812,2.2124315754
-1.4917115812,2.2156649438
-1.4917115812,2.2188983123
-1.4917115812,2.2221316807
-1.4917115812,2.2253650491
-1.4917115812,2.2285984175
-1.4917115812,2.2322629965
-1.4917115812,2.2359275754
-1.4917115812,2.2395921544
-1.4917115812,2.2432567333
-1.4917115812,2.2469213123
-1.4917115812,2.2505858912
-1.4917115812,2.2542504702
-1.4917115812,2.2579150491
-1.4917115812,2.2615796280
-1.4917115812,2.2652442070
-1.4917115812,2.2689087859
-1.4917115812,2.2725733649
-1.4917115812,2.2762379438
-1.4917115812,2.2799025228
-1.4917115812,2.2835671017
-1.4917115812,2.2872316807
-1.4917115812,2.2908962596
-1.4917115812,2.2945608386
-1.4917115812,2.2982254175
-1.4917187812,2.3014041175
-1.4917259812,2.3045828175
-1.4917331812,2.3077615175
-1.4917403812,2.3109402175
-1.4917475812,2.3141189175
-1.4917547812,2.3172976175
-1.4917619812,2.3204763175
-1.4917691812,2.3236550175
-1.4917763812,2.3268337175
-1.4917835812,2.3300124175
-1.4917907812,2.3331911175
-1.4917979812,2.3363698175
-1.4918051812,2.3395485175
-1.4918123812,2.3427272175
-1.4918195812,2.3459059175
-1.4918267812,2.3490846175
-1.4918339812,2.3522633175
-1.4918411812,2.3554420175
-1.4918483812,2.3586207175
-1.4918555812,2.3617994175
-1.4919511601,2.3640129965
-1.4920467391,2.3662265754
-1.4921423180,2.3684401544
-1.4922378970,2.3706537333
-1.4923334759,2.3728673123
-1.4924290549,2.3750808912
-1.4925246338,2.3772944702
-1.4926202128,2.3795080491
-1.4927157917,2.3817216280
-1.4928113707,2.3839352070
-1.4929069496,2.3861487859
-1.4930025286,2.3883623649
-1.4930981075,2.3905759438
-1.4931936865,2.3927895228
-1.4932892654,2.3950031017
-1.4933848444,2.3972166807
-1.4934804233,2.3994302596
-1.4935760022,2.4016438386
-1.4936715812,2.4038574175
-1.4945005286,2.4045805228
-1.4953294759,2.4053036280
-1.4961584233,2.4060267333
-1.4969873707,2.4067498386
-1.4978163180,2.4074729438
-1.4986452654,2.4081960491
-1.4994742128,2.4089191544
-1.5003031601,2.4096422596
-1.5011321075,2.4103653649
-1.5019610549,2.4110884702
-1.5027900022,2.4118115754
-1.5036189496,2.4125346807
-1.5044478970,2.4132577859
-1.5052768444,2.4139808912
-1.5061057917,2.4147039965
-1.5069347391,2.4154271017
-1.5077636865,2.4161502070
-1.5085926338,2.4168733123
-1.5094215812,2.4175964175
-1.5107552654,2.4170523649
-1.5120889496,2.4165083123
-1.5134226338,2.4159642596
-1.5147563180,2.4154202070
-1.5160900022,2.4148761544
-1.5174236865,2.4143321017
-1.5187573707,2.4137880491
-1.5200910549,2.4132439965
-1.5214247391,2.4126999438
-1.5227584233,2.4121558912
-1.5240921075,2.4116118386
-1.5254257917,2.4110677859
-1.5267594759,2.4105237333
-1.5280931601,2.4099796807
-1.5294268444,2.4094356280
-1.5307605286,2.4088915754
-1.5320942128,2.4083475228
-1.5334278970,2.4078034702
-1.5347615812,2.4072594175
-1.5352164233,2.4051128386
-1.5356712654,2.4029662596
-1.5361261075,2.4008196807
-1.5365809496,2.3986731017
-1.5370357917,2.3965265228
-1.5374906338,2.3943799438
-1.5379454759,2.3922333649
-1.5384003180,2.3900867859
-1.5388551601,2.3879402070
-1.5393100022,2.3857936280
-1.5397648444,2.3836470491
-1.5402196865,2.3815004702
-1.5406745286,2.3793538912
-1.5411293707,2.3772073123
-1.5415842128,2.3750607333
-1.5420390549,2.3729141544
-1.5424938970,2.3707675754
-1.5429487391,2.3686209965
-1.5434035812,2.3664744175
-1.5433770312,2.3643711675
-1.5433504812,2.3622679175
-1.5433239312,2.3601646675
-1.5432973812,2.3580614175
-1.5432708312,2.3559581675
-1.5432442812,2.3538549175
-1.5432177312,2.3517516675
-1.5431911812,2.3496484175
-1.5431646312,2.3475451675
-1.5431380812,2.3454419175
-1.5431115312,2.3433386675
-1.5430849812,2.3412354175
-1.5430584312,2.3391321675
-1.5430318812,2.3370289175
-1.5430053312,2.3349256675
-1.5429787812,2.3328224175
-1.5429522312,2.3307191675
-1.5429256812,2.3286159175
-1.5428991312,2.3265126675
-1.5428725812,2.3244094175
-1.5427542654,2.3228869965
-1.5426359496,2.3213645754
-1.5425176338,2.3198421544
-1.5423993180,2.3183197333
-1.5422810022,2.3167973123
-1.5421626865,2.3152748912
-1.5420443707,2.3137524702
-1.5419260549,2.3122300491
-1.5418077391,2.3107076280
-1.5416894233,2.3091852070
-1.5415711075,2.3076627859
-1.5414527917,2.3061403649
-1.5413344759,2.3046179438
-1.5412161601,2.3030955228
-1.5410978444,2.3015731017
-1.5409795286,2.3000506807
-1.5408612128,2.2985282596
-1.5407428970,2.2970058386
-1.5406245812,2.2954834175
-1.5402219496,2.2933437333
-1.5398193180,2.2912040491
-1.5394166865,2.2890643649
-1.5390140549,2.2869246807
-1.5386114233,2.2847849965
-1.5382087917,2.2826453123
-1.5378061601,2.2805056280
-1.5374035286,2.2783659438
-1.5370008970,2.2762262596
-1.5365982654,2.2740865754
-1.5361956338,2.2719468912
-1.5357930022,2.2698072070
-1.5353903707,2.2676675228
-1.5349877391,2.2655278386
-1.5345851075,2.2633881544
-1.5341824759,2.2612484702
-1.5337798444,2.2591087859
-1.5333772128,2.2569691017
-1.5329745812,2.2548294175
-1.5322538970,2.2525407859
-1.5315332128,2.2502521544
-1.5308125286,2.2479635228
-1.5300918444,2.2456748912
-1.5293711601,2.2433862596
-1.5286504759,2.2410976280
-1.5279297917,2.2388089965
-1.5272091075,2.2365203649
-1.5264884233,2.2342317333
-1.5257677391,2.2319431017
-1.5250470549,2.2296544702
-1.5243263707,2.2273658386
-1.5236056865,2.2250772070
-1.5228850022,2.2227885754
-1.5221643180,2.2204999438
-1.5214436338,2.2182113123
-1.5207229496,2.2159226807
-1.5200022654,2.2136340491
-1.5192815812,2.2113454175
-1.5180666812,2.2095016675
-1.5168517812,2.2076579175
-1.5156368812,2.2058141675
-1.5144219812,2.2039704175
-1.5132070812,2.2021266675
-1.5119921812,2.2002829175
-1.5107772812,2.1984391675
-1.5095623812,2.1965954175
-1.5083474812,2.1947516675
-1.5071325812,2.1929079175
-1.5059176812,2.1910641675
-1.5047027812,2.1892204175
-1.5034878812,2.1873766675
-1.5022729812,2.1855329175
-1.5010580812,2.1836891675
-1.4998431812,2.1818454175
-1.4986282812,2.1800016675
-1.4974133812,2.1781579175
-1.4961984812,2.1763141675
-1.4949835812,2.1744704175
-1.4930177391,2.1734524175
-1.4910518970,2.1724344175
-1.4890860549,2.1714164175
-1.4871202128,2.1703984175
-1.4851543707,2.1693804175
-1.4831885286,2.1683624175
-1.4812226865,2.1673444175
-1.4792568444,2.1663264175
-1.4772910022,2.1653084175
-1.4753251601,2.1642904175
-1.4733593180,2.1632724175
-1.4713934759,2.1622544175
-1.4694276338,2.1612364175
-1.4674617917,2.1602184175
-1.4654959496,2.1592004175
-1.4635301075,2.1581824175
-1.4615642654,2.1571644175
-1.4595984233,2.1561464175
-1.4576325812,2.1551284175
-1.4548465812,2.1540575754
-1.4520605812,2.1529867333
-1.4492745812,2.1519158912
-1.4464885812,2.1508450491
-1.4437025812,2.1497742070
-1.4409165812,2.1487033649
-1.4381305812,2.1476325228
-1.4353445812,2.1465616807
-1.4325585812,2.1454908386
-1.4297725812,2.1444199965
-1.4269865812,2.1433491544
-1.4242005812,2.1422783123
-1.4214145812,2.1412074702
-1.4186285812,2.1401366280
-1.4158425812,2.1390657859
-1.4130565812,2.1379949438
-1.4102705812,2.1369241017
-1.4074845812,2.1358532596
-1.4046985812,2.1347824175
-1.4017911075,2.1334495754
-1.3988836338,2.1321167333
-1.3959761601,2.1307838912
-1.3930686865,2.1294510491
-1.3901612128,2.1281182070
-1.3872537391,2.1267853649
-1.3843462654,2.1254525228
-1.3814387917,2.1241196807
-1.3785313180,2.1227868386
-1.3756238444,2.1214539965
-1.3727163707,2.1201211544
-1.3698088970,2.1187883123
-1.3669014233,2.1174554702
-1.3639939496,2.1161226280
-1.3610864759,2.1147897859
-1.3581790022,2.1134569438
-1.3552715286,2.1121241017
-1.3523640549,2.1107912596
-1.3494565812,2.1094584175
-1.3470832654,2.1078024175
-1.3447099496,2.1061464175
-1.3423366338,2.1044904175
-1.3399633180,2.1028344175
-1.3375900022,2.1011784175
-1.3352166865,2.0995224175
-1.3328433707,2.0978664175
-1.3304700549,2.0962104175
-1.3280967391,2.0945544175
-1.3257234233,2.0928984175
-1.3233501075,2.0912424175
-1.3209767917,2.0895864175
-1.3186034759,2.0879304175
-1.3162301601,2.0862744175
-1.3138568444,2.0846184175
-1.3114835286,2.0829624175
-1.3091102128,2.0813064175
-1.3067368970,2.0796504175
-1.3043635812,2.0779944175
-1.3031146312,2.0764715675
-1.3018656812,2.0749487175
-1.3006167312,2.0734258675
-1.2993677812,2.0719030175
-1.2981188312,2.0703801675
-1.2968698812,2.0688573175
-1.2956209312,2.0673344675
-1.2943719812,2.0658116175
-1.2931230312,2.0642887675
-1.2918740812,2.0627659175
-1.2906251312,2.0612430675
-1.2893761812,2.0597202175
-1.2881272312,2.0581973675
-1.2868782812,2.0566745175
-1.2856293312,2.0551516675
-1.2843803812,2.0536288175
-1.2831314312,2.0521059675
-1.2818824812,2.0505831175
-1.2806335312,2.0490602675
-1.2793845812,2.0475374175
-1.2792395286,2.0471317859
-1.2790944759,2.0467261544
-1.2789494233,2.0463205228
-1.2788043707,2.0459148912
-1.2786593180,2.0455092596
-1.2785142654,2.0451036280
-1.2783692128,2.0446979965
-1.2782241601,2.0442923649
-1.2780791075,2.0438867333
-1.2779340549,2.0434811017
-1.2777890022,2.0430754702
-1.2776439496,2.0426698386
-1.2774988970,2.0422642070
-1.2773538444,2.0418585754
-1.2772087917,2.0414529438
-1.2770637391,2.0410473123
-1.2769186865,2.0406416807
-1.2767736338,2.0402360491
-1.2766285812,2.0398304175
-1.2766296865,2.0398304175
-1.2766307917,2.0398304175
-1.2766318970,2.0398304175
-1.2766330022,2.0398304175
-1.2766341075,2.0398304175
-1.2766352128,2.0398304175
-1.2766363180,2.0398304175
-1.2766374233,2.0398304175
-1.2766385286,2.0398304175
-1.2766396338,2.0398304175
-1.2766407391,2.0398304175
-1.2766418444,2.0398304175
-1.2766429496,2.0398304175
-1.2766440549,2.0398304175
-1.2766451601,2.0398304175
-1.2766462654,2.0398304175
-1.2766473707,2.0398304175
-1.2766484759,2.0398304175
-1.2766495812,2.0398304175
-1.2766496812,2.0398309175
-1.2766497812,2.0398314175
-1.2766498812,2.0398319175
-1.2766499812,2.0398324175
-1.2766500812,2.0398329175
-1.2766501812,2.0398334175
-1.2766502812,2.0398339175
-1.2766503812,2.0398344175
-1.2766504812,2.0398349175
-1.2766505812,2.0398354175
-1.2766506812,2.0398359175
-1.2766507812,2.0398364175
-1.2766508812,2.0398369175
-1.2766509812,2.0398374175
-1.2766510812,2.0398379175
-1.2766511812,2.0398384175
-1.2766512812,2.0398389175
-1.2766513812,2.0398394175
-1.2766514812,2.0398399175
-1.2766515812,2.0398404175
-1.2766526865,2.0398406280
-1.2766537917,2.0398408386
-1.2766548970,2.0398410491
-1.2766560022,2.0398412596
-1.2766571075,2.0398414702
-1.2766582128,2.0398416807
-1.2766593180,2.0398418912
-1.2766604233,2.0398421017
-1.2766615286,2.0398423123
-1.2766626338,2.0398425228
-1.2766637391,2.0398427333
-1.2766648444,2.0398429438
-1.2766659496,2.0398431544
-1.2766670549,2.0398433649
-1.2766681601,2.0398435754
-1.2766692654,2.0398437859
-1.2766703707,2.0398439965
-1.2766714759,2.0398442070
-1.2766725812,2.0398444175
-1.2766692654,2.0397779965
-1.2766659496,2.0397115754
-1.2766626338,2.0396451544
-1.2766593180,2.0395787333
-1.2766560022,2.0395123123
-1.2766526865,2.0394458912
-1.2766493707,2.0393794702
-1.2766460549,2.0393130491
-1.2766427391,2.0392466280
-1.2766394233,2.0391802070
-1.2766361075,2.0391137859
-1.2766327917,2.0390473649
-1.2766294759,2.0389809438
-1.2766261601,2.0389145228
-1.2766228444,2.0388481017
-1.2766195286,2.0387816807
-1.2766162128,2.0387152596
-1.2766128970,2.0386488386
-1.2766095812,2.0385824175
-1.2762136865,2.0376296280
-1.2758177917,2.0366768386
-1.2754218970,2.0357240491
-1.2750260022,2.0347712596
-1.2746301075,2.0338184702
-1.2742342128,2.0328656807
-1.2738383180,2.0319128912
-1.2734424233,2.0309601017
-1.2730465286,2.0300073123
-1.2726506338,2.0290545228
-1.2722547391,2.0281017333
-1.2718588444,2.0271489438
-1.2714629496,2.0261961544
-1.2710670549,2.0252433649
-1.2706711601,2.0242905754
-1.2702752654,2.0233377859
-1.2698793707,2.0223849965
-1.2694834759,2.0214322070
-1.2690875812,2.0204794175
-1.2681902812,2.0189246175
-1.2672929812,2.0173698175
-1.2663956812,2.0158150175
-1.2654983812,2.0142602175
-1.2646010812,2.0127054175
-1.2637037812,2.0111506175
-1.2628064812,2.0095958175
-1.2619091812,2.0080410175
-1.2610118812,2.0064862175
-1.2601145812,2.0049314175
-1.2592172812,2.0033766175
-1.2583199812,2.0018218175
-1.2574226812,2.0002670175
-1.2565253812,1.9987122175
-1.2556280812,1.9971574175
-1.2547307812,1.9956026175
-1.2538334812,1.9940478175
-1.2529361812,1.9924930175
-1.2520388812,1.9909382175
-1.2511415812,1.9893834175
-1.2503460549,1.9877803123
-1.2495505286,1.9861772070
-1.2487550022,1.9845741017
-1.2479594759,1.9829709965
-1.2471639496,1.9813678912
-1.2463684233,1.9797647859
-1.2455728970,1.9781616807
-1.2447773707,1.9765585754
-1.2439818444,1.9749554702
-1.2431863180,1.9733523649
-1.2423907917,1.9717492596
-1.2415952654,1.9701461544
-1.2407997391,1.9685430491
-1.2400042128,1.9669399438
-1.2392086865,1.9653368386
-1.2384131601,1.9637337333
-1.2376176338,1.9621306280
-1.2368221075,1.9605275228
-1.2360265812,1.9589244175
-1.2348503812,1.9572959175
-1.2336741812,1.9556674175
-1.2324979812,1.9540389175
-1.2313217812,1.9524104175
-1.2301455812,1.9507819175
-1.2289693812,1.9491534175
-1.2277931812,1.9475249175
-1.2266169812,1.9458964175
-1.2254407812,1.9442679175
-1.2242645812,1.9426394175
-1.2230883812,1.9410109175
-1.2219121812,1.9393824175
-1.2207359812,1.9377539175
-1.2195597812,1.9361254175
-1.2183835812,1.9344969175
-1.2172073812,1.9328684175
-1.2160311812,1.9312399175
-1.2148549812,1.9296114175
-1.2136787812,1.9279829175
-1.2125025812,1.9263544175
-1.2105085286,1.9250329438
-1.2085144759,1.9237114702
-1.2065204233,1.9223899965
-1.2045263707,1.9210685228
-1.2025323180,1.9197470491
-1.2005382654,1.9184255754
-1.1985442128,1.9171041017
-1.1965501601,1.9157826280
-1.1945561075,1.9144611544
-1.1925620549,1.9131396807
-1.1905680022,1.9118182070
-1.1885739496,1.9104967333
-1.1865798970,1.9091752596
-1.1845858444,1.9078537859
-1.1825917917,1.9065323123
-1.1805977391,1.9052108386
-1.1786036865,1.9038893649
-1.1766096338,1.9025678912
-1.1746155812,1.9012464175
-1.1724073180,1.8992877859
-1.1701990549,1.8973291544
-1.1679907917,1.8953705228
-1.1657825286,1.8934118912
-1.1635742654,1.8914532596
-1.1613660022,1.8894946280
-1.1591577391,1.8875359965
-1.1569494759,1.8855773649
-1.1547412128,1.8836187333
-1.1525329496,1.8816601017
-1.1503246865,1.8797014702
-1.1481164233,1.8777428386
-1.1459081601,1.8757842070
-1.1436998970,1.8738255754
-1.1414916338,1.8718669438
-1.1392833707,1.8699083123
-1.1370751075,1.8679496807
-1.1348668444,1.8659910491
-1.1326585812,1.8640324175
-1.1306056865,1.8615737333
-1.1285527917,1.8591150491
-1.1264998970,1.8566563649
-1.1244470022,1.8541976807
-1.1223941075,1.8517389965
-1.1203412128,1.8492803123
-1.1182883180,1.8468216280
-1.1162354233,1.8443629438
-1.1141825286,1.8419042596
-1.1121296338,1.8394455754
-1.1100767391,1.8369868912
-1.1080238444,1.8345282070
-1.1059709496,1.8320695228
-1.1039180549,1.8296108386
-1.1018651601,1.8271521544
-1.0998122654,1.8246934702
-1.0977593707,1.8222347859
-1.0957064759,1.8197761017
-1.0936535812,1.8173174175
-1.0918647812,1.8152453675
-1.0900759812,1.8131733175
-1.0882871812,1.8111012675
-1.0864983812,1.8090292175
-1.0847095812,1.8069571675
-1.0829207812,1.8048851175
-1.0811319812,1.8028130675
-1.0793431812,1.8007410175
-1.0775543812,1.7986689675
-1.0757655812,1.7965969175
-1.0739767812,1.7945248675
-1.0721879812,1.7924528175
-1.0703991812,1.7903807675
-1.0686103812,1.7883087175
-1.0668215812,1.7862366675
-1.0650327812,1.7841646175
-1.0632439812,1.7820925675
-1.0614551812,1.7800205175
-1.0596663812,1.7779484675
-1.0578775812,1.7758764175
-1.0561514233,1.7741646280
-1.0544252654,1.7724528386
-1.0526991075,1.7707410491
-1.0509729496,1.7690292596
-1.0492467917,1.7673174702
-1.0475206338,1.7656056807
-1.0457944759,1.7638938912
-1.0440683180,1.7621821017
-1.0423421601,1.7604703123
-1.0406160022,1.7587585228
-1.0388898444,1.7570467333
-1.0371636865,1.7553349438
-1.0354375286,1.7536231544
-1.0337113707,1.7519113649
-1.0319852128,1.7501995754
-1.0302590549,1.7484877859
-1.0285328970,1.7467759965
-1.0268067391,1.7450642070
-1.0250805812,1.7433524175
-1.0234867391,1.7418978386
-1.0218928970,1.7404432596
-1.0202990549,1.7389886807
-1.0187052128,1.7375341017
-1.0171113707,1.7360795228
-1.0155175286,1.7346249438
-1.0139236865,1.7331703649
-1.0123298444,1.7317157859
-1.0107360022,1.7302612070
-1.0091421601,1.7288066280
-1.0075483180,1.7273520491
-1.0059544759,1.7258974702
-1.0043606338,1.7244428912
-1.0027667917,1.7229883123
-1.0011729496,1.7215337333
-0.9995791075,1.7200791544
-0.9979852654,1.7186245754
-0.9963914233,1.7171699965
-0.9947975812,1.7157154175
-0.9933443707,1.7148366280
-0.9918911601,1.7139578386
-0.9904379496,1.7130790491
-0.9889847391,1.7122002596
-0.9875315286,1.7113214702
-0.9860783180,1.7104426807
-0.9846251075,1.7095638912
-0.9831718970,1.7086851017
-0.9817186865,1.7078063123
-0.9802654759,1.7069275228
-0.9788122654,1.7060487333
-0.9773590549,1.7051699438
-0.9759058444,1.7042911544
-0.9744526338,1.7034123649
-0.9729994233,1.7025335754
-0.9715462128,1.7016547859
-0.9700930022,1.7007759965
-0.9686397917,1.6998972070
-0.9671865812,1.6990184175
-0.9658423180,1.6990125754
-0.9644980549,1.6990067333
-0.9631537917,1.6990008912
-0.9618095286,1.6989950491
-0.9604652654,1.6989892070
-0.9591210022,1.6989833649
-0.9577767391,1.6989775228
-0.9564324759,1.6989716807
-0.9550882128,1.6989658386
-0.9537439496,1.6989599965
-0.9523996865,1.6989541544
-0.9510554233,1.6989483123
-0.9497111601,1.6989424702
-0.9483668970,1.6989366280
-0.9470226338,1.6989307859
-0.9456783707,1.6989249438
-0.9443341075,1.6989191017
-0.9429898444,1.6989132596
-0.9416455812,1.6989074175
-0.9405396865,1.6989349438
-0.9394337917,1.6989624702
-0.9383278970,1.6989899965
-0.9372220022,1.6990175228
-0.9361161075,1.6990450491
-0.9350102128,1.6990725754
-0.9339043180,1.6991001017
-0.9327984233,1.6991276280
-0.9316925286,1.6991551544
-0.9305866338,1.6991826807
-0.9294807391,1.6992102070
-0.9283748444,1.6992377333
-0.9272689496,1.6992652596
-0.9261630549,1.6992927859
-0.9250571601,1.6993203123
-0.9239512654,1.6993478386
-0.9228453707,1.6993753649
-0.9217394759,1.6994028912
-0.9206335812,1.6994304175
-0.9201059312,1.7002029675
-0.9195782812,1.7009755175
-0.9190506312,1.7017480675
-0.9185229812,1.7025206175
-0.9179953312,1.7032931675
-0.9174676812,1.7040657175
-0.9169400312,1.7048382675
-0.9164123812,1.7056108175
-0.9158847312,1.7063833675
-0.9153570812,1.7071559175
-0.9148294312,1.7079284675
-0.9143017812,1.7087010175
-0.9137741312,1.7094735675
-0.9132464812,1.7102461175
-0.9127188312,1.7110186675
-0.9121911812,1.7117912175
-0.9116635312,1.7125637675
-0.9111358812,1.7133363175
-0.9106082312,1.7141088675
-0.9100805812,1.7148814175
-0.9099982812,1.7165911675
-0.9099159812,1.7183009175
-0.9098336812,1.7200106675
-0.9097513812,1.7217204175
-0.9096690812,1.7234301675
-0.9095867812,1.7251399175
-0.9095044812,1.7268496675
-0.9094221812,1.7285594175
-0.9093398812,1.7302691675
-0.9092575812,1.7319789175
-0.9091752812,1.7336886675
-0.9090929812,1.7353984175
-0.9090106812,1.7371081675
-0.9089283812,1.7388179175
-0.9088460812,1.7405276675
-0.9087637812,1.7422374175
-0.9086814812,1.7439471675
-0.9085991812,1.7456569175
-0.9085168812,1.7473666675
-0.9084345812,1.7490764175
-0.9084345812,1.7507864702
-0.9084345812,1.7524965228
-0.9084345812,1.7542065754
-0.9084345812,1.7559166280
-0.9084345812,1.7576266807
-0.9084345812,1.7593367333
-0.9084345812,1.7610467859
-0.9084345812,1.7627568386
-0.9084345812,1.7644668912
-0.9084345812,1.7661769438
-0.9084345812,1.7678869965
-0.9084345812,1.7695970491
-0.9084345812,1.7713071017
-0.9084345812,1.7730171544
-0.9084345812,1.7747272070
-0.9084345812,1.7764372596
-0.9084345812,1.7781473123
-0.9084345812,1.7798573649
-0.9084345812,1.7815674175
-0.9084345812,1.7832608912
-0.9084345812,1.7849543649
-0.9084345812,1.7866478386
-0.9084345812,1.7883413123
-0.9084345812,1.7900347859
-0.9084345812,1.7917282596
-0.9084345812,1.7934217333
-0.9084345812,1.7951152070
-0.9084345812,1.7968086807
-0.9084345812,1.7985021544
-0.9084345812,1.8001956280
-0.9084345812,1.8018891017
-0.9084345812,1.8035825754
-0.9084345812,1.8052760491
-0.9084345812,1.8069695228
-0.9084345812,1.8086629965
-0.9084345812,1.8103564702
-0.9084345812,1.8120499438
-0.9084345812,1.8137434175
-0.9084345812,1.8155667333
-0.9084345812,1.8173900491
-0.9084345812,1.8192133649
-0.9084345812,1.8210366807
-0.9084345812,1.8228599965
-0.9084345812,1.8246833123
-0.9084345812,1.8265066280
-0.9084345812,1.8283299438
-0.9084345812,1.8301532596
-0.9084345812,1.8319765754
-0.9084345812,1.8337998912
-0.9084345812,1.8356232070
-0.9084345812,1.8374465228
-0.9084345812,1.8392698386
-0.9084345812,1.8410931544
-0.9084345812,1.8429164702
-0.9084345812,1.8447397859
-0.9084345812,1.8465631017
-0.9084345812,1.8483864175
-0.9084345812,1.8500339965
-0.9084345812,1.8516815754
-0.9084345812,1.8533291544
-0.9084345812,1.8549767333
-0.9084345812,1.8566243123
-0.9084345812,1.8582718912
-0.9084345812,1.8599194702
-0.9084345812,1.8615670491
-0.9084345812,1.8632146280
-0.9084345812,1.8648622070
-0.9084345812,1.8665097859
-0.9084345812,1.8681573649
-0.9084345812,1.8698049438
-0.9084345812,1.8714525228
-0.9084345812,1.8731001017
-0.9084345812,1.8747476807
-0.9084345812,1.8763952596
-0.9084345812,1.8780428386
-0.9084345812,1.8796904175
-0.9084345812,1.8813014175
-0.9084345812,1.8829124175
-0.9084345812,1.8845234175
-0.9084345812,1.8861344175
-0.9084345812,1.8877454175
-0.9084345812,1.8893564175
-0.9084345812,1.8909674175
-0.9084345812,1.8925784175
-0.9084345812,1.8941894175
-0.9084345812,1.8958004175
-0.9084345812,1.8974114175
-0.9084345812,1.8990224175
-0.9084345812,1.9006334175
-0.9084345812,1.9022444175
-0.9084345812,1.9038554175
-0.9084345812,1.9054664175
-0.9084345812,1.9070774175
-0.9084345812,1.9086884175
-0.9084345812,1.9102994175
-0.9084345812,1.9118327859
-0.9084345812,1.9133661544
-0.9084345812,1.9148995228
-0.9084345812,1.9164328912
-0.9084345812,1.9179662596
-0.9084345812,1.9194996280
-0.9084345812,1.9210329965
-0.9084345812,1.9225663649
-0.9084345812,1.9240997333
-0.9084345812,1.9256331017
-0.9084345812,1.9271664702
-0.9084345812,1.9286998386
-0.9084345812,1.9302332070
-0.9084345812,1.9317665754
-0.9084345812,1.9332999438
-0.9084345812,1.9348333123
-0.9084345812,1.9363666807
-0.9084345812,1.9379000491
-0.9084345812,1.9394334175
-0.9084345812,1.9407647175
-0.9084345812,1.9420960175
-0.9084345812,1.9434273175
-0.9084345812,1.9447586175
-0.9084345812,1.9460899175
-0.9084345812,1.9474212175
-0.9084345812,1.9487525175
-0.9084345812,1.9500838175
-0.9084345812,1.9514151175
-0.9084345812,1.9527464175
-0.9084345812,1.9540777175
-0.9084345812,1.9554090175
-0.9084345812,1.9567403175
-0.9084345812,1.9580716175
-0.9084345812,1.9594029175
-0.9084345812,1.9607342175
-0.9084345812,1.9620655175
-0.9084345812,1.9633968175
-0.9084345812,1.9647281175
-0.9084345812,1.9660594175
-0.9084345812,1.9667357859
-0.9084345812,1.9674121544
-0.9084345812,1.9680885228
-0.9084345812,1.9687648912
-0.9084345812,1.9694412596
-0.9084345812,1.9701176280
-0.9084345812,1.9707939965
-0.9084345812,1.9714703649
-0.9084345812,1.9721467333
-0.9084345812,1.9728231017
-0.9084345812,1.9734994702
-0.9084345812,1.9741758386
-0.9084345812,1.9748522070
-0.9084345812,1.9755285754
-0.9084345812,1.9762049438
-0.9084345812,1.9768813123
-0.9084345812,1.9775576807
-0.9084345812,1.9782340491
-0.9084345812,1.9789104175
-0.9084366338,1.9789104175
-0.9084386865,1.9789104175
-0.9084407391,1.9789104175
-0.9084427917,1.9789104175
-0.9084448444,1.9789104175
-0.9084468970,1.9789104175
-0.9084489496,1.9789104175
-0.9084510022,1.9789104175
-0.9084530549,1.9789104175
-0.9084551075,1.9789104175
-0.9084571601,1.9789104175
-0.9084592128,1.9789104175
-0.9084612654,1.9789104175
-0.9084633180,1.9789104175
-0.9084653707,1.9789104175
-0.9084674233,1.9789104175
-0.9084694759,1.9789104175
-0.9084715286,1.9789104175
-0.9084735812,1.9789104175
-0.9084735812,1.9789103123
-0.9084735812,1.9789102070
-0.9084735812,1.9789101017
-0.9084735812,1.9789099965
-0.9084735812,1.9789098912
-0.9084735812,1.9789097859
-0.9084735812,1.9789096807
-0.9084735812,1.9789095754
-0.9084735812,1.9789094702
-0.9084735812,1.9789093649
-0.9084735812,1.9789092596
-0.9084735812,1.9789091544
-0.9084735812,1.9789090491
-0.9084735812,1.9789089438
-0.9084735812,1.9789088386
-0.9084735812,1.9789087333
-0.9084735812,1.9789086280
-0.9084735812,1.9789085228
-0.9084735812,1.9789084175
-0.9084735812,1.9789083175
-0.9084735812,1.9789082175
-0.9084735812,1.9789081175
-0.9084735812,1.9789080175
-0.9084735812,1.9789079175
-0.9084735812,1.9789078175
-0.9084735812,1.9789077175
-0.9084735812,1.9789076175
-0.9084735812,1.9789075175
-0.9084735812,1.9789074175
-0.9084735812,1.9789073175
-0.9084735812,1.9789072175
-0.9084735812,1.9789071175
-0.9084735812,1.9789070175
-0.9084735812,1.9789069175
-0.9084735812,1.9789068175
-0.9084735812,1.9789067175
-0.9084735812,1.9789066175
-0.9084735812,1.9789065175
-0.9084735812,1.9789064175
-0.9084735812,1.9789063123
-0.9084735812,1.9789062070
-0.9084735812,1.9789061017
-0.9084735812,1.9789059965
-0.9084735812,1.9789058912
-0.9084735812,1.9789057859
-0.9084735812,1.9789056807
-0.9084735812,1.9789055754
-0.9084735812,1.9789054702
-0.9084735812,1.9789053649
-0.9084735812,1.9789052596
-0.9084735812,1.9789051544
-0.9084735812,1.9789050491
-0.9084735812,1.9789049438
-0.9084735812,1.9789048386
-0.9084735812,1.9789047333
-0.9084735812,1.9789046280
-0.9084735812,1.9789045228
-0.9084735812,1.9789044175
-0.9084736163,1.9789043824
-0.9084736514,1.9789043473
-0.9084736865,1.9789043123
-0.9084737215,1.9789042772
-0.9084737566,1.9789042421
-0.9084737917,1.9789042070
-0.9084738268,1.9789041719
-0.9084738619,1.9789041368
-0.9084738970,1.9789041017
-0.9084739321,1.9789040666
-0.9084739672,1.9789040316
-0.9084740022,1.9789039965
-0.9084740373,1.9789039614
-0.9084740724,1.9789039263
-0.9084741075,1.9789038912
-0.9084741426,1.9789038561
-0.9084741777,1.9789038210
-0.9084742128,1.9789037859
-0.9084742479,1.9789037509
-0.9084742829,1.9789037158
-0.9084743180,1.9789036807
-0.9084743531,1.9789036456
-0.9084743882,1.9789036105
-0.9084744233,1.9789035754
-0.9084744584,1.9789035403
-0.9084744935,1.9789035052
-0.9084745286,1.9789034702
-0.9084745636,1.9789034351
-0.9084745987,1.9789034000
-0.9084746338,1.9789033649
-0.9084746689,1.9789033298
-0.9084747040,1.9789032947
-0.9084747391,1.9789032596
-0.9084747742,1.9789032245
-0.9084748093,1.9789031894
-0.9084748444,1.9789031544
-0.9084748794,1.9789031193
-0.9084749145,1.9789030842
-0.9084749496,1.9789030491
-0.9084749847,1.9789030140
-0.9084750198,1.9789029789
-0.9084750549,1.9789029438
-0.9084750900,1.9789029087
-0.9084751251,1.9789028737
-0.9084751601,1.9789028386
-0.9084751952,1.9789028035
-0.9084752303,1.9789027684
-0.9084752654,1.9789027333
-0.9084753005,1.9789026982
-0.9084753356,1.9789026631
-0.9084753707,1.9789026280
-0.9084754058,1.9789025930
-0.9084754408,1.9789025579
-0.9084754759,1.9789025228
-0.9084755110,1.9789024877
-0.9084755461,1.9789024526
-0.9084755812,1.9789024175
-0.9084757364,1.9789023830
-0.9084758915,1.9789023486
-0.9084760467,1.9789023141
-0.9084762019,1.9789022796
-0.9084763571,1.9789022451
-0.9084765122,1.9789022106
-0.9084766674,1.9789021761
-0.9084768226,1.9789021417
-0.9084769777,1.9789021072
-0.9084771329,1.9789020727
-0.9084772881,1.9789020382
-0.9084774433,1.9789020037
-0.9084775984,1.9789019692
-0.9084777536,1.9789019348
-0.9084779088,1.9789019003
-0.9084780640,1.9789018658
-0.9084782191,1.9789018313
-0.9084783743,1.9789017968
-0.9084785295,1.9789017623
-0.9084786846,1.9789017279
-0.9084788398,1.9789016934
-0.9084789950,1.9789016589
-0.9084791502,1.9789016244
-0.9084793053,1.9789015899
-0.9084794605,1.9789015555
-0.9084796157,1.9789015210
-0.9084797708,1.9789014865
-0.9084799260,1.9789014520
-0.9084800812,1.9789014175
-0.9084802364,1.9789013830
-0.9084803915,1.9789013486
-0.9084805467,1.9789013141
-0.9084807019,1.9789012796
-0.9084808571,1.9789012451
-0.9084810122,1.9789012106
-0.9084811674,1.9789011761
-0.9084813226,1.9789011417
-0.9084814777,1.9789011072
-0.9084816329,1.9789010727
-0.9084817881,1.9789010382
-0.9084819433,1.9789010037
-0.9084820984,1.9789009692
-0.9084822536,1.9789009348
-0.9084824088,1.9789009003
-0.9084825640,1.9789008658
-0.9084827191,1.9789008313
-0.9084828743,1.9789007968
-0.9084830295,1.9789007623
-0.9084831846,1.9789007279
-0.9084833398,1.9789006934
-0.9084834950,1.9789006589
-0.9084836502,1.9789006244
-0.9084838053,1.9789005899
-0.9084839605,1.9789005555
-0.9084841157,1.9789005210
-0.9084842708,1.9789004865
-0.9084844260,1.9789004520
-0.9084845812,1.9789004175
-0.9084846865,1.9789004175
-0.9084847917,1.9789004175
-0.9084848970,1.9789004175
-0.9084850022,1.9789004175
-0.9084851075,1.9789004175
-0.9084852128,1.9789004175
-0.9084853180,1.9789004175
-0.9084854233,1.9789004175
-0.9084855286,1.9789004175
-0.9084856338,1.9789004175
-0.9084857391,1.9789004175
-0.9084858444,1.9789004175
-0.9084859496,1.9789004175
-0.9084860549,1.9789004175
-0.9084861601,1.9789004175
-0.9084862654,1.9789004175
-0.9084863707,1.9789004175
-0.9084864759,1.9789004175
-0.9084865812,1.9789004175
-0.9084867391,1.9789003912
-0.9084868970,1.9789003649
-0.9084870549,1.9789003386
-0.9084872128,1.9789003123
-0.9084873707,1.9789002859
-0.9084875286,1.9789002596
-0.9084876865,1.9789002333
-0.9084878444,1.9789002070
-0.9084880022,1.9789001807
-0.9084881601,1.9789001544
-0.9084883180,1.9789001280
-0.9084884759,1.9789001017
-0.9084886338,1.9789000754
-0.9084887917,1.9789000491
-0.9084889496,1.9789000228
-0.9084891075,1.9788999965
-0.9084892654,1.9788999702
-0.9084894233,1.9788999438
-0.9084895812,1.9788999175
-0.9084897391,1.9788998912
-0.9084898970,1.9788998649
-0.9084900549,1.9788998386
-0.9084902128,1.9788998123
-0.9084903707,1.9788997859
-0.9084905286,1.9788997596
-0.9084906865,1.9788997333
-0.9084908444,1.9788997070
-0.9084910022,1.9788996807
-0.9084911601,1.9788996544
-0.9084913180,1.9788996280
-0.9084914759,1.9788996017
-0.9084916338,1.9788995754
-0.9084917917,1.9788995491
-0.9084919496,1.9788995228
-0.9084921075,1.9788994965
-0.9084922654,1.9788994702
-0.9084924233,1.9788994438
-0.9084925812,1.9788994175
-0.9085110549,1.9788987859
-0.9085295286,1.9788981544
-0.9085480022,1.9788975228
-0.9085664759,1.9788968912
-0.9085849496,1.9788962596
-0.9086034233,1.9788956280
-0.9086218970,1.9788949965
-0.9086403707,1.9788943649
-0.9086588444,1.9788937333
-0.9086773180,1.9788931017
-0.9086957917,1.9788924702
-0.9087142654,1.9788918386
-0.9087327391,1.9788912070
-0.9087512128,1.9788905754
-0.9087696865,1.9788899438
-0.9087881601,1.9788893123
-0.9088066338,1.9788886807
-0.9088251075,1.9788880491
-0.9088435812,1.9788874175
-0.9089722312,1.9788859675
-0.9091008812,1.9788845175
-0.9092295312,1.9788830675
-0.9093581812,1.9788816175
-0.9094868312,1.9788801675
-0.9096154812,1.9788787175
-0.9097441312,1.9788772675
-0.9098727812,1.9788758175
-0.9100014312,1.9788743675
-0.9101300812,1.9788729175
-0.9102587312,1.9788714675
-0.9103873812,1.9788700175
-0.9105160312,1.9788685675
-0.9106446812,1.9788671175
-0.9107733312,1.9788656675
-0.9109019812,1.9788642175
-0.9110306312,1.9788627675
-0.9111592812,1.9788613175
-0.9112879312,1.9788598675
-0.9114165812,1.9788584175
-0.9121908444,1.9788583123
-0.9129651075,1.9788582070
-0.9137393707,1.9788581017
-0.9145136338,1.9788579965
-0.9152878970,1.9788578912
-0.9160621601,1.9788577859
-0.9168364233,1.9788576807
-0.9176106865,1.9788575754
-0.9183849496,1.9788574702
-0.9191592128,1.9788573649
-0.9199334759,1.9788572596
-0.9207077391,1.9788571544
-0.9214820022,1.9788570491
-0.9222562654,1.9788569438
-0.9230305286,1.9788568386
-0.9238047917,1.9788567333
-0.9245790549,1.9788566280
-0.9253533180,1.9788565228
-0.9261275812,1.9788564175
-0.9270416865,1.9788564175
-0.9279557917,1.9788564175
-0.9288698970,1.9788564175
-0.9297840022,1.9788564175
-0.9306981075,1.9788564175
-0.9316122128,1.9788564175
-0.9325263180,1.9788564175
-0.9334404233,1.9788564175
-0.9343545286,1.9788564175
-0.9352686338,1.9788564175
-0.9361827391,1.9788564175
-0.9370968444,1.9788564175
-0.9380109496,1.9788564175
-0.9389250549,1.9788564175
-0.9398391601,1.9788564175
-0.9407532654,1.9788564175
-0.9416673707,1.9788564175
-0.9425814759,1.9788564175
-0.9434955812,1.9788564175
-0.9445593180,1.9788564175
-0.9456230549,1.9788564175
-0.9466867917,1.9788564175
-0.9477505286,1.9788564175
-0.9488142654,1.9788564175
-0.9498780022,1.9788564175
-0.9509417391,1.9788564175
-0.9520054759,1.9788564175
-0.9530692128,1.9788564175
-0.9541329496,1.9788564175
-0.9551966865,1.9788564175
-0.9562604233,1.9788564175
-0.9573241601,1.9788564175
-0.9583878970,1.9788564175
-0.9594516338,1.9788564175
-0.9605153707,1.9788564175
-0.9615791075,1.9788564175
-0.9626428444,1.9788564175
-0.9637065812,1.9788564175
-0.9646683180,1.9788564175
-0.9656300549,1.9788564175
-0.9665917917,1.9788564175
-0.9675535286,1.9788564175
-0.9685152654,1.9788564175
-0.9694770022,1.9788564175
-0.9704387391,1.9788564175
-0.9714004759,1.9788564175
-0.9723622128,1.9788564175
-0.9733239496,1.9788564175
-0.9742856865,1.9788564175
-0.9752474233,1.9788564175
-0.9762091601,1.9788564175
-0.9771708970,1.9788564175
-0.9781326338,1.9788564175
-0.9790943707,1.9788564175
-0.9800561075,1.9788564175
-0.9810178444,1.9788564175
-0.9819795812,1.9788564175
-0.9826966338,1.9788564175
-0.9834136865,1.9788564175
-0.9841307391,1.9788564175
-0.9848477917,1.9788564175
-0.9855648444,1.9788564175
-0.9862818970,1.9788564175
-0.9869989496,1.9788564175
-0.9877160022,1.9788564175
-0.9884330549,1.9788564175
-0.9891501075,1.9788564175
-0.9898671601,1.9788564175
-0.9905842128,1.9788564175
-0.9913012654,1.9788564175
-0.9920183180,1.9788564175
-0.9927353707,1.9788564175
-0.9934524233,1.9788564175
-0.9941694759,1.9788564175
-0.9948865286,1.9788564175
-0.9956035812,1.9788564175
-0.9963218312,1.9788564175
-0.9970400812,1.9788564175
-0.9977583312,1.9788564175
-0.9984765812,1.9788564175
-0.9991948312,1.9788564175
-0.9999130812,1.9788564175
-1.0006313312,1.9788564175
-1.0013495812,1.9788564175
-1.0020678312,1.9788564175
-1.0027860812,1.9788564175
-1.0035043312,1.9788564175
-1.0042225812,1.9788564175
-1.0049408312,1.9788564175
-1.0056590812,1.9788564175
-1.0063773312,1.9788564175
-1.0070955812,1.9788564175
-1.0078138312,1.9788564175
-1.0085320812,1.9788564175
-1.0092503312,1.9788564175
-1.0099685812,1.9788564175
-1.0107036338,1.9788563123
-1.0114386865,1.9788562070
-1.0121737391,1.9788561017
-1.0129087917,1.9788559965
-1.0136438444,1.9788558912
-1.0143788970,1.9788557859
-1.0151139496,1.9788556807
-1.0158490022,1.9788555754
-1.0165840549,1.9788554702
-1.0173191075,1.9788553649
-1.0180541601,1.9788552596
-1.0187892128,1.9788551544
-1.0195242654,1.9788550491
-1.0202593180,1.9788549438
-1.0209943707,1.9788548386
-1.0217294233,1.9788547333
-1.0224644759,1.9788546280
-1.0231995286,1.9788545228
-1.0239345812,1.9788544175
-1.0245493707,1.9788525228
-1.0251641601,1.9788506280
-1.0257789496,1.9788487333
-1.0263937391,1.9788468386
-1.0270085286,1.9788449438
-1.0276233180,1.9788430491
-1.0282381075,1.9788411544
-1.0288528970,1.9788392596
-1.0294676865,1.9788373649
-1.0300824759,1.9788354702
-1.0306972654,1.9788335754
-1.0313120549,1.9788316807
-1.0319268444,1.9788297859
-1.0325416338,1.9788278912
-1.0331564233,1.9788259965
-1.0337712128,1.9788241017
-1.0343860022,1.9788222070
-1.0350007917,1.9788203123
-1.0356155812,1.9788184175
-1.0362851601,1.9787732070
-1.0369547391,1.9787279965
-1.0376243180,1.9786827859
-1.0382938970,1.9786375754
-1.0389634759,1.9785923649
-1.0396330549,1.9785471544
-1.0403026338,1.9785019438
-1.0409722128,1.9784567333
-1.0416417917,1.9784115228
-1.0423113707,1.9783663123
-1.0429809496,1.9783211017
-1.0436505286,1.9782758912
-1.0443201075,1.9782306807
-1.0449896865,1.9781854702
-1.0456592654,1.9781402596
-1.0463288444,1.9780950491
-1.0469984233,1.9780498386
-1.0476680022,1.9780046280
-1.0483375812,1.9779594175
-1.0490204233,1.9778826280
-1.0497032654,1.9778058386
-1.0503861075,1.9777290491
-1.0510689496,1.9776522596
-1.0517517917,1.9775754702
-1.0524346338,1.9774986807
-1.0531174759,1.9774218912
-1.0538003180,1.9773451017
-1.0544831601,1.9772683123
-1.0551660022,1.9771915228
-1.0558488444,1.9771147333
-1.0565316865,1.9770379438
-1.0572145286,1.9769611544
-1.0578973707,1.9768843649
-1.0585802128,1.9768075754
-1.0592630549,1.9767307859
-1.0599458970,1.9766539965
-1.0606287391,1.9765772070
-1.0613115812,1.9765004175
-1.0619683707,1.9763727333
-1.0626251601,1.9762450491
-1.0632819496,1.9761173649
-1.0639387391,1.9759896807
-1.0645955286,1.9758619965
-1.0652523180,1.9757343123
-1.0659091075,1.9756066280
-1.0665658970,1.9754789438
-1.0672226865,1.9753512596
-1.0678794759,1.9752235754
-1.0685362654,1.9750958912
-1.0691930549,1.9749682070
-1.0698498444,1.9748405228
-1.0705066338,1.9747128386
-1.0711634233,1.9745851544
-1.0718202128,1.9744574702
-1.0724770022,1.9743297859
-1.0731337917,1.9742021017
-1.0737905812,1.9740744175
-1.0743674233,1.9740276807
-1.0749442654,1.9739809438
-1.0755211075,1.9739342070
-1.0760979496,1.9738874702
-1.0766747917,1.9738407333
-1.0772516338,1.9737939965
-1.0778284759,1.9737472596
-1.0784053180,1.9737005228
-1.0789821601,1.9736537859
-1.0795590022,1.9736070491
-1.0801358444,1.9735603123
-1.0807126865,1.9735135754
-1.0812895286,1.9734668386
-1.0818663707,1.9734201017
-1.0824432128,1.9733733649
-1.0830200549,1.9733266280
-1.0835968970,1.9732798912
-1.0841737391,1.9732331544
-1.0847505812,1.9731864175
-1.0851975812,1.9730921544
-1.0856445812,1.9729978912
-1.0860915812,1.9729036280
-1.0865385812,1.9728093649
-1.0869855812,1.9727151017
-1.0874325812,1.9726208386
-1.0878795812,1.9725265754
-1.0883265812,1.9724323123
-1.0887735812,1.9723380491
-1.0892205812,1.9722437859
-1.0896675812,1.9721495228
-1.0901145812,1.9720552596
-1.0905615812,1.9719609965
-1.0910085812,1.9718667333
-1.0914555812,1.9717724702
-1.0919025812,1.9716782070
-1.0923495812,1.9715839438
-1.0927965812,1.9714896807
-1.0932435812,1.9713954175
-1.0938840022,1.9710857333
-1.0945244233,1.9707760491
-1.0951648444,1.9704663649
-1.0958052654,1.9701566807
-1.0964456865,1.9698469965
-1.0970861075,1.9695373123
-1.0977265286,1.9692276280
-1.0983669496,1.9689179438
-1.0990073707,1.9686082596
-1.0996477917,1.9682985754
-1.1002882128,1.9679888912
-1.1009286338,1.9676792070
-1.1015690549,1.9673695228
-1.1022094759,1.9670598386
-1.1028498970,1.9667501544
-1.1034903180,1.9664404702
-1.1041307391,1.9661307859
-1.1047711601,1.9658211017
-1.1054115812,1.9655114175
-1.1060702654,1.9651861544
-1.1067289496,1.9648608912
-1.1073876338,1.9645356280
-1.1080463180,1.9642103649
-1.1087050022,1.9638851017
-1.1093636865,1.9635598386
-1.1100223707,1.9632345754
-1.1106810549,1.9629093123
-1.1113397391,1.9625840491
-1.1119984233,1.9622587859
-1.1126571075,1.9619335228
-1.1133157917,1.9616082596
-1.1139744759,1.9612829965
-1.1146331601,1.9609577333
-1.1152918444,1.9606324702
-1.1159505286,1.9603072070
-1.1166092128,1.9599819438
-1.1172678970,1.9596566807
-1.1179265812,1.9593314175
-1.1184720549,1.9593186807
-1.1190175286,1.9593059438
-1.1195630022,1.9592932070
-1.1201084759,1.9592804702
-1.1206539496,1.9592677333
-1.1211994233,1.9592549965
-1.1217448970,1.9592422596
-1.1222903707,1.9592295228
-1.1228358444,1.9592167859
-1.1233813180,1.9592040491
-1.1239267917,1.9591913123
-1.1244722654,1.9591785754
-1.1250177391,1.9591658386
-1.1255632128,1.9591531017
-1.1261086865,1.9591403649
-1.1266541601,1.9591276280
-1.1271996338,1.9591148912
-1.1277451075,1.9591021544
-1.1282905812,1.9590894175
-1.1289691601,1.9590197859
-1.1296477391,1.9589501544
-1.1303263180,1.9588805228
-1.1310048970,1.9588108912
-1.1316834759,1.9587412596
-1.1323620549,1.9586716280
-1.1330406338,1.9586019965
-1.1337192128,1.9585323649
-1.1343977917,1.9584627333
-1.1350763707,1.9583931017
-1.1357549496,1.9583234702
-1.1364335286,1.9582538386
-1.1371121075,1.9581842070
-1.1377906865,1.9581145754
-1.1384692654,1.9580449438
-1.1391478444,1.9579753123
-1.1398264233,1.9579056807
-1.1405050022,1.9578360491
-1.1411835812,1.9577664175
-1.1418745812,1.9573623123
-1.1425655812,1.9569582070
-1.1432565812,1.9565541017
-1.1439475812,1.9561499965
-1.1446385812,1.9557458912
-1.1453295812,1.9553417859
-1.1460205812,1.9549376807
-1.1467115812,1.9545335754
-1.1474025812,1.9541294702
-1.1480935812,1.9537253649
-1.1487845812,1.9533212596
-1.1494755812,1.9529171544
-1.1501665812,1.9525130491
-1.1508575812,1.9521089438
-1.1515485812,1.9517048386
-1.1522395812,1.9513007333
-1.1529305812,1.9508966280
-1.1536215812,1.9504925228
-1.1543125812,1.9500884175
-1.1545949496,1.9500211544
-1.1548773180,1.9499538912
-1.1551596865,1.9498866280
-1.1554420549,1.9498193649
-1.1557244233,1.9497521017
-1.1560067917,1.9496848386
-1.1562891601,1.9496175754
-1.1565715286,1.9495503123
-1.1568538970,1.9494830491
-1.1571362654,1.9494157859
-1.1574186338,1.9493485228
-1.1577010022,1.9492812596
-1.1579833707,1.9492139965
-1.1582657391,1.9491467333
-1.1585481075,1.9490794702
-1.1588304759,1.9490122070
-1.1591128444,1.9489449438
-1.1593952128,1.9488776807
-1.1596775812,1.9488104175
-1.1596750022,1.9488115228
-1.1596724233,1.9488126280
-1.1596698444,1.9488137333
-1.1596672654,1.9488148386
-1.1596646865,1.9488159438
-1.1596621075,1.9488170491
-1.1596595286,1.9488181544
-1.1596569496,1.9488192596
-1.1596543707,1.9488203649
-1.1596517917,1.9488214702
-1.1596492128,1.9488225754
-1.1596466338,1.9488236807
-1.1596440549,1.9488247859
-1.1596414759,1.9488258912
-1.1596388970,1.9488269965
-1.1596363180,1.9488281017
-1.1596337391,1.9488292070
-1.1596311601,1.9488303123
-1.1596285812,1.9488314175
-1.1596285812,1.9488315228
-1.1596285812,1.9488316280
-1.1596285812,1.9488317333
-1.1596285812,1.9488318386
-1.1596285812,1.9488319438
-1.1596285812,1.9488320491
-1.1596285812,1.9488321544
-1.1596285812,1.9488322596
-1.1596285812,1.9488323649
-1.1596285812,1.9488324702
-1.1596285812,1.9488325754
-1.1596285812,1.9488326807
-1.1596285812,1.9488327859
-1.1596285812,1.9488328912
-1.1596285812,1.9488329965
-1.1596285812,1.9488331017
-1.1596285812,1.9488332070
-1.1596285812,1.9488333123
-1.1596285812,1.9488334175
-1.1596285812,1.9488334702
-1.1596285812,1.9488335228
-1.1596285812,1.9488335754
-1.1596285812,1.9488336280
-1.1596285812,1.9488336807
-1.1596285812,1.9488337333
-1.1596285812,1.9488337859
-1.1596285812,1.9488338386
-1.1596285812,1.9488338912
-1.1596285812,1.9488339438
-1.1596285812,1.9488339965
-1.1596285812,1.9488340491
-1.1596285812,1.9488341017
-1.1596285812,1.9488341544
-1.1596285812,1.9488342070
-1.1596285812,1.9488342596
-1.1596285812,1.9488343123
-1.1596285812,1.9488343649
-1.1596285812,1.9488344175
-1.1596285812,1.9488344702
-1.1596285812,1.9488345228
-1.1596285812,1.9488345754
-1.1596285812,1.9488346280
-1.1596285812,1.9488346807
-1.1596285812,1.9488347333
-1.1596285812,1.9488347859
-1.1596285812,1.9488348386
-1.1596285812,1.9488348912
-1.1596285812,1.9488349438
-1.1596285812,1.9488349965
-1.1596285812,1.9488350491
-1.1596285812,1.9488351017
-1.1596285812,1.9488351544
-1.1596285812,1.9488352070
-1.1596285812,1.9488352596
-1.1596285812,1.9488353123
-1.1596285812,1.9488353649
-1.1596285812,1.9488354175
-1.1596285812,1.9488354702
-1.1596285812,1.9488355228
-1.1596285812,1.9488355754
-1.1596285812,1.9488356280
-1.1596285812,1.9488356807
-1.1596285812,1.9488357333
-1.1596285812,1.9488357859
-1.1596285812,1.9488358386
-1.1596285812,1.9488358912
-1.1596285812,1.9488359438
-1.1596285812,1.9488359965
-1.1596285812,1.9488360491
-1.1596285812,1.9488361017
-1.1596285812,1.9488361544
-1.1596285812,1.9488362070
-1.1596285812,1.9488362596
-1.1596285812,1.9488363123
-1.1596285812,1.9488363649
-1.1596285812,1.9488364175
-1.1596285812,1.9488364351
-1.1596285812,1.9488364526
-1.1596285812,1.9488364702
-1.1596285812,1.9488364877
-1.1596285812,1.9488365052
-1.1596285812,1.9488365228
-1.1596285812,1.9488365403
-1.1596285812,1.9488365579
-1.1596285812,1.9488365754
-1.1596285812,1.9488365930
-1.1596285812,1.9488366105
-1.1596285812,1.9488366280
-1.1596285812,1.9488366456
-1.1596285812,1.9488366631
-1.1596285812,1.9488366807
-1.1596285812,1.9488366982
-1.1596285812,1.9488367158
-1.1596285812,1.9488367333
-1.1596285812,1.9488367509
-1.1596285812,1.9488367684
-1.1596285812,1.9488367859
-1.1596285812,1.9488368035
-1.1596285812,1.9488368210
-1.1596285812,1.9488368386
-1.1596285812,1.9488368561
-1.1596285812,1.9488368737
-1.1596285812,1.9488368912
-1.1596285812,1.9488369087
-1.1596285812,1.9488369263
-1.1596285812,1.9488369438
-1.1596285812,1.9488369614
-1.1596285812,1.9488369789
-1.1596285812,1.9488369965
-1.1596285812,1.9488370140
-1.1596285812,1.9488370316
-1.1596285812,1.9488370491
-1.1596285812,1.9488370666
-1.1596285812,1.9488370842
-1.1596285812,1.9488371017
-1.1596285812,1.9488371193
-1.1596285812,1.9488371368
-1.1596285812,1.9488371544
-1.1596285812,1.9488371719
-1.1596285812,1.9488371894
-1.1596285812,1.9488372070
-1.1596285812,1.9488372245
-1.1596285812,1.9488372421
-1.1596285812,1.9488372596
-1.1596285812,1.9488372772
-1.1596285812,1.9488372947
-1.1596285812,1.9488373123
-1.1596285812,1.9488373298
-1.1596285812,1.9488373473
-1.1596285812,1.9488373649
-1.1596285812,1.9488373824
-1.1596285812,1.9488374000
-1.1596285812,1.9488374175
-1.1596285812,1.9488374351
-1.1596285812,1.9488374526
-1.1596285812,1.9488374702
-1.1596285812,1.9488374877
-1.1596285812,1.9488375052
-1.1596285812,1.9488375228
-1.1596285812,1.9488375403
-1.1596285812,1.9488375579
-1.1596285812,1.9488375754
-1.1596285812,1.9488375930
-1.1596285812,1.9488376105
-1.1596285812,1.9488376280
-1.1596285812,1.9488376456
-1.1596285812,1.9488376631
-1.1596285812,1.9488376807
-1.1596285812,1.9488376982
-1.1596285812,1.9488377158
-1.1596285812,1.9488377333
-1.1596285812,1.9488377509
-1.1596285812,1.9488377684
-1.1596285812,1.9488377859
-1.1596285812,1.9488378035
-1.1596285812,1.9488378210
-1.1596285812,1.9488378386
-1.1596285812,1.9488378561
-1.1596285812,1.9488378737
-1.1596285812,1.9488378912
-1.1596285812,1.9488379087
-1.1596285812,1.9488379263
-1.1596285812,1.9488379438
-1.1596285812,1.9488379614
-1.1596285812,1.9488379789
-1.1596285812,1.9488379965
-1.1596285812,1.9488380140
-1.1596285812,1.9488380316
-1.1596285812,1.9488380491
-1.1596285812,1.9488380666
-1.1596285812,1.9488380842
-1.1596285812,1.9488381017
-1.1596285812,1.9488381193
-1.1596285812,1.9488381368
-1.1596285812,1.9488381544
-1.1596285812,1.9488381719
-1.1596285812,1.9488381894
-1.1596285812,1.9488382070
-1.1596285812,1.9488382245
-1.1596285812,1.9488382421
-1.1596285812,1.9488382596
-1.1596285812,1.9488382772
-1.1596285812,1.9488382947
-1.1596285812,1.9488383123
-1.1596285812,1.9488383298
-1.1596285812,1.9488383473
-1.1596285812,1.9488383649
-1.1596285812,1.9488383824
-1.1596285812,1.9488384000
-1.1596285812,1.9488384175
-1.1596285812,1.9488384281
-1.1596285812,1.9488384387
-1.1596285812,1.9488384493
-1.1596285812,1.9488384598
-1.1596285812,1.9488384704
-1.1596285812,1.9488384810
-1.1596285812,1.9488384916
-1.1596285812,1.9488385022
-1.1596285812,1.9488385128
-1.1596285812,1.9488385233
-1.1596285812,1.9488385339
-1.1596285812,1.9488385445
-1.1596285812,1.9488385551
-1.1596285812,1.9488385657
-1.1596285812,1.9488385762
-1.1596285812,1.9488385868
-1.1596285812,1.9488385974
-1.1596285812,1.9488386080
-1.1596285812,1.9488386186
-1.1596285812,1.9488386292
-1.1596285812,1.9488386397
-1.1596285812,1.9488386503
-1.1596285812,1.9488386609
-1.1596285812,1.9488386715
-1.1596285812,1.9488386821
-1.1596285812,1.9488386927
-1.1596285812,1.9488387032
-1.1596285812,1.9488387138
-1.1596285812,1.9488387244
-1.1596285812,1.9488387350
-1.1596285812,1.9488387456
-1.1596285812,1.9488387561
-1.1596285812,1.9488387667
-1.1596285812,1.9488387773
-1.1596285812,1.9488387879
-1.1596285812,1.9488387985
-1.1596285812,1.9488388091
-1.1596285812,1.9488388196
-1.1596285812,1.9488388302
-1.1596285812,1.9488388408
-1.1596285812,1.9488388514
-1.1596285812,1.9488388620
-1.1596285812,1.9488388725
-1.1596285812,1.9488388831
-1.1596285812,1.9488388937
-1.1596285812,1.9488389043
-1.1596285812,1.9488389149
-1.1596285812,1.9488389255
-1.1596285812,1.9488389360
-1.1596285812,1.9488389466
-1.1596285812,1.9488389572
-1.1596285812,1.9488389678
-1.1596285812,1.9488389784
-1.1596285812,1.9488389889
-1.1596285812,1.9488389995
-1.1596285812,1.9488390101
-1.1596285812,1.9488390207
-1.1596285812,1.9488390313
-1.1596285812,1.9488390419
-1.1596285812,1.9488390524
-1.1596285812,1.9488390630
-1.1596285812,1.9488390736
-1.1596285812,1.9488390842
-1.1596285812,1.9488390948
-1.1596285812,1.9488391054
-1.1596285812,1.9488391159
-1.1596285812,1.9488391265
-1.1596285812,1.9488391371
-1.1596285812,1.9488391477
-1.1596285812,1.9488391583
-1.1596285812,1.9488391688
-1.1596285812,1.9488391794
-1.1596285812,1.9488391900
-1.1596285812,1.9488392006
-1.1596285812,1.9488392112
-1.1596285812,1.9488392218
-1.1596285812,1.9488392323
-1.1596285812,1.9488392429
-1.1596285812,1.9488392535
-1.1596285812,1.9488392641
-1.1596285812,1.9488392747
-1.1596285812,1.9488392852
-1.1596285812,1.9488392958
-1.1596285812,1.9488393064
-1.1596285812,1.9488393170
-1.1596285812,1.9488393276
-1.1596285812,1.9488393382
-1.1596285812,1.9488393487
-1.1596285812,1.9488393593
-1.1596285812,1.9488393699
-1.1596285812,1.9488393805
-1.1596285812,1.9488393911
-1.1596285812,1.9488394016
-1.1596285812,1.9488394122
-1.1596285812,1.9488394228
-1.1596285812,1.9488394334
-1.1596285812,1.9488394440
-1.1596285812,1.9488394546
-1.1596285812,1.9488394651
-1.1596285812,1.9488394757
-1.1596285812,1.9488394863
-1.1596285812,1.9488394969
-1.1596285812,1.9488395075
-1.1596285812,1.9488395180
-1.1596285812,1.9488395286
-1.1596285812,1.9488395392
-1.1596285812,1.9488395498
-1.1596285812,1.9488395604
-1.1596285812,1.9488395710
-1.1596285812,1.9488395815
-1.1596285812,1.9488395921
-1.1596285812,1.9488396027
-1.1596285812,1.9488396133
-1.1596285812,1.9488396239
-1.1596285812,1.9488396345
-1.1596285812,1.9488396450
-1.1596285812,1.9488396556
-1.1596285812,1.9488396662
-1.1596285812,1.9488396768
-1.1596285812,1.9488396874
-1.1596285812,1.9488396979
-1.1596285812,1.9488397085
-1.1596285812,1.9488397191
-1.1596285812,1.9488397297
-1.1596285812,1.9488397403
-1.1596285812,1.9488397509
-1.1596285812,1.9488397614
-1.1596285812,1.9488397720
-1.1596285812,1.9488397826
-1.1596285812,1.9488397932
-1.1596285812,1.9488398038
-1.1596285812,1.9488398143
-1.1596285812,1.9488398249
-1.1596285812,1.9488398355
-1.1596285812,1.9488398461
-1.1596285812,1.9488398567
-1.1596285812,1.9488398673
-1.1596285812,1.9488398778
-1.1596285812,1.9488398884
-1.1596285812,1.9488398990
-1.1596285812,1.9488399096
-1.1596285812,1.9488399202
-1.1596285812,1.9488399307
-1.1596285812,1.9488399413
-1.1596285812,1.9488399519
-1.1596285812,1.9488399625
-1.1596285812,1.9488399731
-1.1596285812,1.9488399837
-1.1596285812,1.9488399942
-1.1596285812,1.9488400048
-1.1596285812,1.9488400154
-1.1596285812,1.9488400260
-1.1596285812,1.9488400366
-1.1596285812,1.9488400471
-1.1596285812,1.9488400577
-1.1596285812,1.9488400683
-1.1596285812,1.9488400789
-1.1596285812,1.9488400895
-1.1596285812,1.9488401001
-1.1596285812,1.9488401106
-1.1596285812,1.9488401212
-1.1596285812,1.9488401318
-1.1596285812,1.9488401424
-1.1596285812,1.9488401530
-1.1596285812,1.9488401636
-1.1596285812,1.9488401741
-1.1596285812,1.9488401847
-1.1596285812,1.9488401953
-1.1596285812,1.9488402059
-1.1596285812,1.9488402165
-1.1596285812,1.9488402270
-1.1596285812,1.9488402376
-1.1596285812,1.9488402482
-1.1596285812,1.9488402588
-1.1596285812,1.9488402694
-1.1596285812,1.9488402800
-1.1596285812,1.9488402905
-1.1596285812,1.9488403011
-1.1596285812,1.9488403117
-1.1596285812,1.9488403223
-1.1596285812,1.9488403329
-1.1596285812,1.9488403434
-1.1596285812,1.9488403540
-1.1596285812,1.9488403646
-1.1596285812,1.9488403752
-1.1596285812,1.9488403858
-1.1596285812,1.9488403964
-1.1596285812,1.9488404069
-1.1596285812,1.9488404175
-1.1596285812,1.9488404241
-1.1596285812,1.9488404307
-1.1596285812,1.9488404373
-1.1596285812,1.9488404438
-1.1596285812,1.9488404504
-1.1596285812,1.9488404570
-1.1596285812,1.9488404636
-1.1596285812,1.9488404702
-1.1596285812,1.9488404767
-1.1596285812,1.9488404833
-1.1596285812,1.9488404899
-1.1596285812,1.9488404965
-1.1596285812,1.9488405030
-1.1596285812,1.9488405096
-1.1596285812,1.9488405162
-1.1596285812,1.9488405228
-1.1596285812,1.9488405294
-1.1596285812,1.9488405359
-1.1596285812,1.9488405425
-1.1596285812,1.9488405491
-1.1596285812,1.9488405557
-1.1596285812,1.9488405623
-1.1596285812,1.9488405688
-1.1596285812,1.9488405754
-1.1596285812,1.9488405820
-1.1596285812,1.9488405886
-1.1596285812,1.9488405952
-1.1596285812,1.9488406017
-1.1596285812,1.9488406083
-1.1596285812,1.9488406149
-1.1596285812,1.9488406215
-1.1596285812,1.9488406280
-1.1596285812,1.9488406346
-1.1596285812,1.9488406412
-1.1596285812,1.9488406478
-1.1596285812,1.9488406544
-1.1596285812,1.9488406609
-1.1596285812,1.9488406675
-1.1596285812,1.9488406741
-1.1596285812,1.9488406807
-1.1596285812,1.9488406873
-1.1596285812,1.9488406938
-1.1596285812,1.9488407004
-1.1596285812,1.9488407070
-1.1596285812,1.9488407136
-1.1596285812,1.9488407202
-1.1596285812,1.9488407267
-1.1596285812,1.9488407333
-1.1596285812,1.9488407399
-1.1596285812,1.9488407465
-1.1596285812,1.9488407530
-1.1596285812,1.9488407596
-1.1596285812,1.9488407662
-1.1596285812,1.9488407728
-1.1596285812,1.9488407794
-1.1596285812,1.9488407859
-1.1596285812,1.9488407925
-1.1596285812,1.9488407991
-1.1596285812,1.9488408057
-1.1596285812,1.9488408123
-1.1596285812,1.9488408188
-1.1596285812,1.9488408254
-1.1596285812,1.9488408320
-1.1596285812,1.9488408386
-1.1596285812,1.9488408452
-1.1596285812,1.9488408517
-1.1596285812,1.9488408583
-1.1596285812,1.9488408649
-1.1596285812,1.9488408715
-1.1596285812,1.9488408780
-1.1596285812,1.9488408846
-1.1596285812,1.9488408912
-1.1596285812,1.9488408978
-1.1596285812,1.9488409044
-1.1596285812,1.9488409109
-1.1596285812,1.9488409175
-1.1596285812,1.9488409241
-1.1596285812,1.9488409307
-1.1596285812,1.9488409373
-1.1596285812,1.9488409438
-1.1596285812,1.9488409504
-1.1596285812,1.9488409570
-1.1596285812,1.9488409636
-1.1596285812,1.9488409702
-1.1596285812,1.9488409767
-1.1596285812,1.9488409833
-1.1596285812,1.9488409899
-1.1596285812,1.9488409965
-1.1596285812,1.9488410030
-1.1596285812,1.9488410096
-1.1596285812,1.9488410162
-1.1596285812,1.9488410228
-1.1596285812,1.9488410294
-1.1596285812,1.9488410359
-1.1596285812,1.9488410425
-1.1596285812,1.9488410491
-1.1596285812,1.9488410557
-1.1596285812,1.9488410623
-1.1596285812,1.9488410688
-1.1596285812,1.9488410754
-1.1596285812,1.9488410820
-1.1596285812,1.9488410886
-1.1596285812,1.9488410952
-1.1596285812,1.9488411017
-1.1596285812,1.9488411083
-1.1596285812,1.9488411149
-1.1596285812,1.9488411215
-1.1596285812,1.9488411280
-1.1596285812,1.9488411346
-1.1596285812,1.9488411412
-1.1596285812,1.9488411478
-1.1596285812,1.9488411544
-1.1596285812,1.9488411609
-1.1596285812,1.9488411675
-1.1596285812,1.9488411741
-1.1596285812,1.9488411807
-1.1596285812,1.9488411873
-1.1596285812,1.9488411938
-1.1596285812,1.9488412004
-1.1596285812,1.9488412070
-1.1596285812,1.9488412136
-1.1596285812,1.9488412202
-1.1596285812,1.9488412267
-1.1596285812,1.9488412333
-1.1596285812,1.9488412399
-1.1596285812,1.9488412465
-1.1596285812,1.9488412530
-1.1596285812,1.9488412596
-1.1596285812,1.9488412662
-1.1596285812,1.9488412728
-1.1596285812,1.9488412794
-1.1596285812,1.9488412859
-1.1596285812,1.9488412925
-1.1596285812,1.9488412991
-1.1596285812,1.9488413057
-1.1596285812,1.9488413123
-1.1596285812,1.9488413188
-1.1596285812,1.9488413254
-1.1596285812,1.9488413320
-1.1596285812,1.9488413386
-1.1596285812,1.9488413452
-1.1596285812,1.9488413517
-1.1596285812,1.9488413583
-1.1596285812,1.9488413649
-1.1596285812,1.9488413715
-1.1596285812,1.9488413780
-1.1596285812,1.9488413846
-1.1596285812,1.9488413912
-1.1596285812,1.9488413978
-1.1596285812,1.9488414044
-1.1596285812,1.9488414109
-1.1596285812,1.9488414175
-1.1596285812,1.9488414241
-1.1596285812,1.9488414307
-1.1596285812,1.9488414373
-1.1596285812,1.9488414438
-1.1596285812,1.9488414504
-1.1596285812,1.9488414570
-1.1596285812,1.9488414636
-1.1596285812,1.9488414702
-1.1596285812,1.9488414767
-1.1596285812,1.9488414833
-1.1596285812,1.9488414899
-1.1596285812,1.9488414965
-1.1596285812,1.9488415030
-1.1596285812,1.9488415096
-1.1596285812,1.9488415162
-1.1596285812,1.9488415228
-1.1596285812,1.9488415294
-1.1596285812,1.9488415359
-1.1596285812,1.9488415425
-1.1596285812,1.9488415491
-1.1596285812,1.9488415557
-1.1596285812,1.9488415623
-1.1596285812,1.9488415688
-1.1596285812,1.9488415754
-1.1596285812,1.9488415820
-1.1596285812,1.9488415886
-1.1596285812,1.9488415952
-1.1596285812,1.9488416017
-1.1596285812,1.9488416083
-1.1596285812,1.9488416149
-1.1596285812,1.9488416215
-1.1596285812,1.9488416280
-1.1596285812,1.9488416346
-1.1596285812,1.9488416412
-1.1596285812,1.9488416478
-1.1596285812,1.9488416544
-1.1596285812,1.9488416609
-1.1596285812,1.9488416675
-1.1596285812,1.9488416741
-1.1596285812,1.9488416807
-1.1596285812,1.9488416873
-1.1596285812,1.9488416938
-1.1596285812,1.9488417004
-1.1596285812,1.9488417070
-1.1596285812,1.9488417136
-1.1596285812,1.9488417202
-1.1596285812,1.9488417267
-1.1596285812,1.9488417333
-1.1596285812,1.9488417399
-1.1596285812,1.9488417465
-1.1596285812,1.9488417530
-1.1596285812,1.9488417596
-1.1596285812,1.9488417662
-1.1596285812,1.9488417728
-1.1596285812,1.9488417794
-1.1596285812,1.9488417859
-1.1596285812,1.9488417925
-1.1596285812,1.9488417991
-1.1596285812,1.9488418057
-1.1596285812,1.9488418123
-1.1596285812,1.9488418188
-1.1596285812,1.9488418254
-1.1596285812,1.9488418320
-1.1596285812,1.9488418386
-1.1596285812,1.9488418452
-1.1596285812,1.9488418517
-1.1596285812,1.9488418583
-1.1596285812,1.9488418649
-1.1596285812,1.9488418715
-1.1596285812,1.9488418780
-1.1596285812,1.9488418846
-1.1596285812,1.9488418912
-1.1596285812,1.9488418978
-1.1596285812,1.9488419044
-1.1596285812,1.9488419109
-1.1596285812,1.9488419175
-1.1596285812,1.9488419241
-1.1596285812,1.9488419307
-1.1596285812,1.9488419373
-1.1596285812,1.9488419438
-1.1596285812,1.9488419504
-1.1596285812,1.9488419570
-1.1596285812,1.9488419636
-1.1596285812,1.9488419702
-1.1596285812,1.9488419767
-1.1596285812,1.9488419833
-1.1596285812,1.9488419899
-1.1596285812,1.9488419965
-1.1596285812,1.9488420030
-1.1596285812,1.9488420096
-1.1596285812,1.9488420162
-1.1596285812,1.9488420228
-1.1596285812,1.9488420294
-1.1596285812,1.9488420359
-1.1596285812,1.9488420425
-1.1596285812,1.9488420491
-1.1596285812,1.9488420557
-1.1596285812,1.9488420623
-1.1596285812,1.9488420688
-1.1596285812,1.9488420754
-1.1596285812,1.9488420820
-1.1596285812,1.9488420886
-1.1596285812,1.9488420952
-1.1596285812,1.9488421017
-1.1596285812,1.9488421083
-1.1596285812,1.9488421149
-1.1596285812,1.9488421215
-1.1596285812,1.9488421280
-1.1596285812,1.9488421346
-1.1596285812,1.9488421412
-1.1596285812,1.9488421478
-1.1596285812,1.9488421544
-1.1596285812,1.9488421609
-1.1596285812,1.9488421675
-1.1596285812,1.9488421741
-1.1596285812,1.9488421807
-1.1596285812,1.9488421873
-1.1596285812,1.9488421938
-1.1596285812,1.9488422004
-1.1596285812,1.9488422070
-1.1596285812,1.9488422136
-1.1596285812,1.9488422202
-1.1596285812,1.9488422267
-1.1596285812,1.9488422333
-1.1596285812,1.9488422399
-1.1596285812,1.9488422465
-1.1596285812,1.9488422530
-1.1596285812,1.9488422596
-1.1596285812,1.9488422662
-1.1596285812,1.9488422728
-1.1596285812,1.9488422794
-1.1596285812,1.9488422859
-1.1596285812,1.9488422925
-1.1596285812,1.9488422991
-1.1596285812,1.9488423057
-1.1596285812,1.9488423123
-1.1596285812,1.9488423188
-1.1596285812,1.9488423254
-1.1596285812,1.9488423320
-1.1596285812,1.9488423386
-1.1596285812,1.9488423452
-1.1596285812,1.9488423517
-1.1596285812,1.9488423583
-1.1596285812,1.9488423649
-1.1596285812,1.9488423715
-1.1596285812,1.9488423780
-1.1596285812,1.9488423846
-1.1596285812,1.9488423912
-1.1596285812,1.9488423978
-1.1596285812,1.9488424044
-1.1596285812,1.9488424109
-1.1596285812,1.9488424175
-1.1596285736,1.9488424175
-1.1596285661,1.9488424175
-1.1596285586,1.9488424175
-1.1596285510,1.9488424175
-1.1596285435,1.9488424175
-1.1596285359,1.9488424175
-1.1596285284,1.9488424175
-1.1596285208,1.9488424175
-1.1596285133,1.9488424175
-1.1596285057,1.9488424175
-1.1596284982,1.9488424175
-1.1596284906,1.9488424175
-1.1596284831,1.9488424175
-1.1596284755,1.9488424175
-1.1596284680,1.9488424175
-1.1596284604,1.9488424175
-1.1596284529,1.9488424175
-1.1596284453,1.9488424175
-1.1596284378,1.9488424175
-1.1596284302,1.9488424175
-1.1596284227,1.9488424175
-1.1596284152,1.9488424175
-1.1596284076,1.9488424175
-1.1596284001,1.9488424175
-1.1596283925,1.9488424175
-1.1596283850,1.9488424175
-1.1596283774,1.9488424175
-1.1596283699,1.9488424175
-1.1596283623,1.9488424175
-1.1596283548,1.9488424175
-1.1596283472,1.9488424175
-1.1596283397,1.9488424175
-1.1596283321,1.9488424175
-1.1596283246,1.9488424175
-1.1596283170,1.9488424175
-1.1596283095,1.9488424175
-1.1596283019,1.9488424175
-1.1596282944,1.9488424175
-1.1596282869,1.9488424175
-1.1596282793,1.9488424175
-1.1596282718,1.9488424175
-1.1596282642,1.9488424175
-1.1596282567,1.9488424175
-1.1596282491,1.9488424175
-1.1596282416,1.9488424175
-1.1596282340,1.9488424175
-1.1596282265,1.9488424175
-1.1596282189,1.9488424175
-1.1596282114,1.9488424175
-1.1596282038,1.9488424175
-1.1596281963,1.9488424175
-1.1596281887,1.9488424175
-1.1596281812,1.9488424175
-1.1596281736,1.9488424175
-1.1596281661,1.9488424175
-1.1596281586,1.9488424175
-1.1596281510,1.9488424175
-1.1596281435,1.9488424175
-1.1596281359,1.9488424175
-1.1596281284,1.9488424175
-1.1596281208,1.9488424175
-1.1596281133,1.9488424175
-1.1596281057,1.9488424175
-1.1596280982,1.9488424175
-1.1596280906,1.9488424175
-1.1596280831,1.9488424175
-1.1596280755,1.9488424175
-1.1596280680,1.9488424175
-1.1596280604,1.9488424175
-1.1596280529,1.9488424175
-1.1596280453,1.9488424175
-1.1596280378,1.9488424175
-1.1596280302,1.9488424175
-1.1596280227,1.9488424175
-1.1596280152,1.9488424175
-1.1596280076,1.9488424175
-1.1596280001,1.9488424175
-1.1596279925,1.9488424175
-1.1596279850,1.9488424175
-1.1596279774,1.9488424175
-1.1596279699,1.9488424175
-1.1596279623,1.9488424175
-1.1596279548,1.9488424175
-1.1596279472,1.9488424175
-1.1596279397,1.9488424175
-1.1596279321,1.9488424175
-1.1596279246,1.9488424175
-1.1596279170,1.9488424175
-1.1596279095,1.9488424175
-1.1596279019,1.9488424175
-1.1596278944,1.9488424175
-1.1596278869,1.9488424175
-1.1596278793,1.9488424175
-1.1596278718,1.9488424175
-1.1596278642,1.9488424175
-1.1596278567,1.9488424175
-1.1596278491,1.9488424175
-1.1596278416,1.9488424175
-1.1596278340,1.9488424175
-1.1596278265,1.9488424175
-1.1596278189,1.9488424175
-1.1596278114,1.9488424175
-1.1596278038,1.9488424175
-1.1596277963,1.9488424175
-1.1596277887,1.9488424175
-1.1596277812,1.9488424175
-1.1596277736,1.9488424175
-1.1596277661,1.9488424175
-1.1596277586,1.9488424175
-1.1596277510,1.9488424175
-1.1596277435,1.9488424175
-1.1596277359,1.9488424175
-1.1596277284,1.9488424175
-1.1596277208,1.9488424175
-1.1596277133,1.9488424175
-1.1596277057,1.9488424175
-1.1596276982,1.9488424175
-1.1596276906,1.9488424175
-1.1596276831,1.9488424175
-1.1596276755,1.9488424175
-1.1596276680,1.9488424175
-1.1596276604,1.9488424175
-1.1596276529,1.9488424175
-1.1596276453,1.9488424175
-1.1596276378,1.9488424175
-1.1596276302,1.9488424175
-1.1596276227,1.9488424175
-1.1596276152,1.9488424175
-1.1596276076,1.9488424175
-1.1596276001,1.9488424175
-1.1596275925,1.9488424175
-1.1596275850,1.9488424175
-1.1596275774,1.9488424175
-1.1596275699,1.9488424175
-1.1596275623,1.9488424175
-1.1596275548,1.9488424175
-1.1596275472,1.9488424175
-1.1596275397,1.9488424175
-1.1596275321,1.9488424175
-1.1596275246,1.9488424175
-1.1596275170,1.9488424175
-1.1596275095,1.9488424175
-1.1596275019,1.9488424175
-1.1596274944,1.9488424175
-1.1596274869,1.9488424175
-1.1596274793,1.9488424175
-1.1596274718,1.9488424175
-1.1596274642,1.9488424175
-1.1596274567,1.9488424175
-1.1596274491,1.9488424175
-1.1596274416,1.9488424175
-1.1596274340,1.9488424175
-1.1596274265,1.9488424175
-1.1596274189,1.9488424175
-1.1596274114,1.9488424175
-1.1596274038,1.9488424175
-1.1596273963,1.9488424175
-1.1596273887,1.9488424175
-1.1596273812,1.9488424175
-1.1596273736,1.9488424175
-1.1596273661,1.9488424175
-1.1596273586,1.9488424175
-1.1596273510,1.9488424175
-1.1596273435,1.9488424175
-1.1596273359,1.9488424175
-1.1596273284,1.9488424175
-1.1596273208,1.9488424175
-1.1596273133,1.9488424175
-1.1596273057,1.9488424175
-1.1596272982,1.9488424175
-1.1596272906,1.9488424175
-1.1596272831,1.9488424175
-1.1596272755,1.9488424175
-1.1596272680,1.9488424175
-1.1596272604,1.9488424175
-1.1596272529,1.9488424175
-1.1596272453,1.9488424175
-1.1596272378,1.9488424175
-1.1596272302,1.9488424175
-1.1596272227,1.9488424175
-1.1596272152,1.9488424175
-1.1596272076,1.9488424175
-1.1596272001,1.9488424175
-1.1596271925,1.9488424175
-1.1596271850,1.9488424175
-1.1596271774,1.9488424175
-1.1596271699,1.9488424175
-1.1596271623,1.9488424175
-1.1596271548,1.9488424175
-1.1596271472,1.9488424175
-1.1596271397,1.9488424175
-1.1596271321,1.9488424175
-1.1596271246,1.9488424175
-1.1596271170,1.9488424175
-1.1596271095,1.9488424175
-1.1596271019,1.9488424175
-1.1596270944,1.9488424175
-1.1596270869,1.9488424175
-1.1596270793,1.9488424175
-1.1596270718,1.9488424175
-1.1596270642,1.9488424175
-1.1596270567,1.9488424175
-1.1596270491,1.9488424175
-1.1596270416,1.9488424175
-1.1596270340,1.9488424175
-1.1596270265,1.9488424175
-1.1596270189,1.9488424175
-1.1596270114,1.9488424175
-1.1596270038,1.9488424175
-1.1596269963,1.9488424175
-1.1596269887,1.9488424175
-1.1596269812,1.9488424175
-1.1596269736,1.9488424175
-1.1596269661,1.9488424175
-1.1596269586,1.9488424175
-1.1596269510,1.9488424175
-1.1596269435,1.9488424175
-1.1596269359,1.9488424175
-1.1596269284,1.9488424175
-1.1596269208,1.9488424175
-1.1596269133,1.9488424175
-1.1596269057,1.9488424175
-1.1596268982,1.9488424175
-1.1596268906,1.9488424175
-1.1596268831,1.9488424175
-1.1596268755,1.9488424175
-1.1596268680,1.9488424175
-1.1596268604,1.9488424175
-1.1596268529,1.9488424175
-1.1596268453,1.9488424175
-1.1596268378,1.9488424175
-1.1596268302,1.9488424175
-1.1596268227,1.9488424175
-1.1596268152,1.9488424175
-1.1596268076,1.9488424175
-1.1596268001,1.9488424175
-1.1596267925,1.9488424175
-1.1596267850,1.9488424175
-1.1596267774,1.9488424175
-1.1596267699,1.9488424175
-1.1596267623,1.9488424175
-1.1596267548,1.9488424175
-1.1596267472,1.9488424175
-1.1596267397,1.9488424175
-1.1596267321,1.9488424175
-1.1596267246,1.9488424175
-1.1596267170,1.9488424175
-1.1596267095,1.9488424175
-1.1596267019,1.9488424175
-1.1596266944,1.9488424175
-1.1596266869,1.9488424175
-1.1596266793,1.9488424175
-1.1596266718,1.9488424175
-1.1596266642,1.9488424175
-1.1596266567,1.9488424175
-1.1596266491,1.9488424175
-1.1596266416,1.9488424175
-1.1596266340,1.9488424175
-1.1596266265,1.9488424175
-1.1596266189,1.9488424175
-1.1596266114,1.9488424175
-1.1596266038,1.9488424175
-1.1596265963,1.9488424175
-1.1596265887,1.9488424175
-1.1596265812,1.9488424175
-1.1596265812,1.9488424237
-1.1596265812,1.9488424299
-1.1596265812,1.9488424360
-1.1596265812,1.9488424422
-1.1596265812,1.9488424484
-1.1596265812,1.9488424546
-1.1596265812,1.9488424607
-1.1596265812,1.9488424669
-1.1596265812,1.9488424731
-1.1596265812,1.9488424792
-1.1596265812,1.9488424854
-1.1596265812,1.9488424916
-1.1596265812,1.9488424978
-1.1596265812,1.9488425039
-1.1596265812,1.9488425101
-1.1596265812,1.9488425163
-1.1596265812,1.9488425225
-1.1596265812,1.9488425286
-1.1596265812,1.9488425348
-1.1596265812,1.9488425410
-1.1596265812,1.9488425471
-1.1596265812,1.9488425533
-1.1596265812,1.9488425595
-1.1596265812,1.9488425657
-1.1596265812,1.9488425718
-1.1596265812,1.9488425780
-1.1596265812,1.9488425842
-1.1596265812,1.9488425904
-1.1596265812,1.9488425965
-1.1596265812,1.9488426027
-1.1596265812,1.9488426089
-1.1596265812,1.9488426151
-1.1596265812,1.9488426212
-1.1596265812,1.9488426274
-1.1596265812,1.9488426336
-1.1596265812,1.9488426397
-1.1596265812,1.9488426459
-1.1596265812,1.9488426521
-1.1596265812,1.9488426583
-1.1596265812,1.9488426644
-1.1596265812,1.9488426706
-1.1596265812,1.9488426768
-1.1596265812,1.9488426830
-1.1596265812,1.9488426891
-1.1596265812,1.9488426953
-1.1596265812,1.9488427015
-1.1596265812,1.9488427076
-1.1596265812,1.9488427138
-1.1596265812,1.9488427200
-1.1596265812,1.9488427262
-1.1596265812,1.9488427323
-1.1596265812,1.9488427385
-1.1596265812,1.9488427447
-1.1596265812,1.9488427509
-1.1596265812,1.9488427570
-1.1596265812,1.9488427632
-1.1596265812,1.9488427694
-1.1596265812,1.9488427755
-1.1596265812,1.9488427817
-1.1596265812,1.9488427879
-1.1596265812,1.9488427941
-1.1596265812,1.9488428002
-1.1596265812,1.9488428064
-1.1596265812,1.9488428126
-1.1596265812,1.9488428188
-1.1596265812,1.9488428249
-1.1596265812,1.9488428311
-1.1596265812,1.9488428373
-1.1596265812,1.9488428434
-1.1596265812,1.9488428496
-1.1596265812,1.9488428558
-1.1596265812,1.9488428620
-1.1596265812,1.9488428681
-1.1596265812,1.9488428743
-1.1596265812,1.9488428805
-1.1596265812,1.9488428867
-1.1596265812,1.9488428928
-1.1596265812,1.9488428990
-1.1596265812,1.9488429052
-1.1596265812,1.9488429113
-1.1596265812,1.9488429175
-1.1596265812,1.9488429237
-1.1596265812,1.9488429299
-1.1596265812,1.9488429360
-1.1596265812,1.9488429422
-1.1596265812,1.9488429484
-1.1596265812,1.9488429546
-1.1596265812,1.9488429607
-1.1596265812,1.9488429669
-1.1596265812,1.9488429731
-1.1596265812,1.9488429792
-1.1596265812,1.9488429854
-1.1596265812,1.9488429916
-1.1596265812,1.9488429978
-1.1596265812,1.9488430039
-1.1596265812,1.9488430101
-1.1596265812,1.9488430163
-1.1596265812,1.9488430225
-1.1596265812,1.9488430286
-1.1596265812,1.9488430348
-1.1596265812,1.9488430410
-1.1596265812,1.9488430471
-1.1596265812,1.9488430533
-1.1596265812,1.9488430595
-1.1596265812,1.9488430657
-1.1596265812,1.9488430718
-1.1596265812,1.9488430780
-1.1596265812,1.9488430842
-1.1596265812,1.9488430904
-1.1596265812,1.9488430965
-1.1596265812,1.9488431027
-1.1596265812,1.9488431089
-1.1596265812,1.9488431151
-1.1596265812,1.9488431212
-1.1596265812,1.9488431274
-1.1596265812,1.9488431336
-1.1596265812,1.9488431397
-1.1596265812,1.9488431459
-1.1596265812,1.9488431521
-1.1596265812,1.9488431583
-1.1596265812,1.9488431644
-1.1596265812,1.9488431706
-1.1596265812,1.9488431768
-1.1596265812,1.9488431830
-1.1596265812,1.9488431891
-1.1596265812,1.9488431953
-1.1596265812,1.9488432015
-1.1596265812,1.9488432076
-1.1596265812,1.9488432138
-1.1596265812,1.9488432200
-1.1596265812,1.9488432262
-1.1596265812,1.9488432323
-1.1596265812,1.9488432385
-1.1596265812,1.9488432447
-1.1596265812,1.9488432509
-1.1596265812,1.9488432570
-1.1596265812,1.9488432632
-1.1596265812,1.9488432694
-1.1596265812,1.9488432755
-1.1596265812,1.9488432817
-1.1596265812,1.9488432879
-1.1596265812,1.9488432941
-1.1596265812,1.9488433002
-1.1596265812,1.9488433064
-1.1596265812,1.9488433126
-1.1596265812,1.9488433188
-1.1596265812,1.9488433249
-1.1596265812,1.9488433311
-1.1596265812,1.9488433373
-1.1596265812,1.9488433434
-1.1596265812,1.9488433496
-1.1596265812,1.9488433558
-1.1596265812,1.9488433620
-1.1596265812,1.9488433681
-1.1596265812,1.9488433743
-1.1596265812,1.9488433805
-1.1596265812,1.9488433867
-1.1596265812,1.9488433928
-1.1596265812,1.9488433990
-1.1596265812,1.9488434052
-1.1596265812,1.9488434113
-1.1596265812,1.9488434175
-1.1596265812,1.9488434237
-1.1596265812,1.9488434299
-1.1596265812,1.9488434360
-1.1596265812,1.9488434422
-1.1596265812,1.9488434484
-1.1596265812,1.9488434546
-1.1596265812,1.9488434607
-1.1596265812,1.9488434669
-1.1596265812,1.9488434731
-1.1596265812,1.9488434792
-1.1596265812,1.9488434854
-1.1596265812,1.9488434916
-1.1596265812,1.9488434978
-1.1596265812,1.9488435039
-1.1596265812,1.9488435101
-1.1596265812,1.9488435163
-1.1596265812,1.9488435225
-1.1596265812,1.9488435286
-1.1596265812,1.9488435348
-1.1596265812,1.9488435410
-1.1596265812,1.9488435471
-1.1596265812,1.9488435533
-1.1596265812,1.9488435595
-1.1596265812,1.9488435657
-1.1596265812,1.9488435718
-1.1596265812,1.9488435780
-1.1596265812,1.9488435842
-1.1596265812,1.9488435904
-1.1596265812,1.9488435965
-1.1596265812,1.9488436027
-1.1596265812,1.9488436089
-1.1596265812,1.9488436151
-1.1596265812,1.9488436212
-1.1596265812,1.9488436274
-1.1596265812,1.9488436336
-1.1596265812,1.9488436397
-1.1596265812,1.9488436459
-1.1596265812,1.9488436521
-1.1596265812,1.9488436583
-1.1596265812,1.9488436644
-1.1596265812,1.9488436706
-1.1596265812,1.9488436768
-1.1596265812,1.9488436830
-1.1596265812,1.9488436891
-1.1596265812,1.9488436953
-1.1596265812,1.9488437015
-1.1596265812,1.9488437076
-1.1596265812,1.9488437138
-1.1596265812,1.9488437200
-1.1596265812,1.9488437262
-1.1596265812,1.9488437323
-1.1596265812,1.9488437385
-1.1596265812,1.9488437447
-1.1596265812,1.9488437509
-1.1596265812,1.9488437570
-1.1596265812,1.9488437632
-1.1596265812,1.9488437694
-1.1596265812,1.9488437755
-1.1596265812,1.9488437817
-1.1596265812,1.9488437879
-1.1596265812,1.9488437941
-1.1596265812,1.9488438002
-1.1596265812,1.9488438064
-1.1596265812,1.9488438126
-1.1596265812,1.9488438188
-1.1596265812,1.9488438249
-1.1596265812,1.9488438311
-1.1596265812,1.9488438373
-1.1596265812,1.9488438434
-1.1596265812,1.9488438496
-1.1596265812,1.9488438558
-1.1596265812,1.9488438620
-1.1596265812,1.9488438681
-1.1596265812,1.9488438743
-1.1596265812,1.9488438805
-1.1596265812,1.9488438867
-1.1596265812,1.9488438928
-1.1596265812,1.9488438990
-1.1596265812,1.9488439052
-1.1596265812,1.9488439113
-1.1596265812,1.9488439175
-1.1596265812,1.9488439237
-1.1596265812,1.9488439299
-1.1596265812,1.9488439360
-1.1596265812,1.9488439422
-1.1596265812,1.9488439484
-1.1596265812,1.9488439546
-1.1596265812,1.9488439607
-1.1596265812,1.9488439669
-1.1596265812,1.9488439731
-1.1596265812,1.9488439792
-1.1596265812,1.9488439854
-1.1596265812,1.9488439916
-1.1596265812,1.9488439978
-1.1596265812,1.9488440039
-1.1596265812,1.9488440101
-1.1596265812,1.9488440163
-1.1596265812,1.9488440225
-1.1596265812,1.9488440286
-1.1596265812,1.9488440348
-1.1596265812,1.9488440410
-1.1596265812,1.9488440471
-1.1596265812,1.9488440533
-1.1596265812,1.9488440595
-1.1596265812,1.9488440657
-1.1596265812,1.9488440718
-1.1596265812,1.9488440780
-1.1596265812,1.9488440842
-1.1596265812,1.9488440904
-1.1596265812,1.9488440965
-1.1596265812,1.9488441027
-1.1596265812,1.9488441089
-1.1596265812,1.9488441151
-1.1596265812,1.9488441212
-1.1596265812,1.9488441274
-1.1596265812,1.9488441336
-1.1596265812,1.9488441397
-1.1596265812,1.9488441459
-1.1596265812,1.9488441521
-1.1596265812,1.9488441583
-1.1596265812,1.9488441644
-1.1596265812,1.9488441706
-1.1596265812,1.9488441768
-1.1596265812,1.9488441830
-1.1596265812,1.9488441891
-1.1596265812,1.9488441953
-1.1596265812,1.9488442015
-1.1596265812,1.9488442076
-1.1596265812,1.9488442138
-1.1596265812,1.9488442200
-1.1596265812,1.9488442262
-1.1596265812,1.9488442323
-1.1596265812,1.9488442385
-1.1596265812,1.9488442447
-1.1596265812,1.9488442509
-1.1596265812,1.9488442570
-1.1596265812,1.9488442632
-1.1596265812,1.9488442694
-1.1596265812,1.9488442755
-1.1596265812,1.9488442817
-1.1596265812,1.9488442879
-1.1596265812,1.9488442941
-1.1596265812,1.9488443002
-1.1596265812,1.9488443064
-1.1596265812,1.9488443126
-1.1596265812,1.9488443188
-1.1596265812,1.9488443249
-1.1596265812,1.9488443311
-1.1596265812,1.9488443373
-1.1596265812,1.9488443434
-1.1596265812,1.9488443496
-1.1596265812,1.9488443558
-1.1596265812,1.9488443620
-1.1596265812,1.9488443681
-1.1596265812,1.9488443743
-1.1596265812,1.9488443805
-1.1596265812,1.9488443867
-1.1596265812,1.9488443928
-1.1596265812,1.9488443990
-1.1596265812,1.9488444052
-1.1596265812,1.9488444113
-1.1596265812,1.9488444175
-1.1596265812,1.9488444175
-1.1596265812,1.9488444175
-1.1596265812,1.9488444175
-1.1596265812,1.9488444175
-1.1596265812,1.9488444175
-1.1596265812,1.9488444175
-1.1596265812,1.9488444175
-1.1596265812,1.9488444175
-1.1596265812,1.9488444175
-1.1596265812,1.9488444175
-1.1596265812,1.9488444175
-1.1596265812,1.9488444175
-1.1596265812,1.9488444175
-1.1596265812,1.9488444175
-1.1596265812,1.9488444175
-1.1596265812,1.9488444175
-1.1596265812,1.9488444175
-1.1596265812,1.9488444175
-1.1596265812,1.9488444175
-1.1596265812,1.9488444175
-1.1596265812,1.9488444175
-1.1596265812,1.9488444175
-1.1596265812,1.9488444175
-1.1596265812,1.9488444175
-1.1596265812,1.9488444175
-1.1596265812,1.9488444175
-1.1596265812,1.9488444175
-1.1596265812,1.9488444175
-1.1596265812,1.9488444175
-1.1596265812,1.9488444175
-1.1596265812,1.9488444175
-1.1596265812,1.9488444175
-1.1596265812,1.9488444175
-1.1596265812,1.9488444175
-1.1596265812,1.9488444175
-1.1596265812,1.9488444175
-1.1596265812,1.9488444175
-1.1596265812,1.9488444175
-1.1596265812,1.9488444175
-1.1596265812,1.9488444175
-1.1596265812,1.9488444175
-1.1596265812,1.9488444175
-1.1596265812,1.9488444175
-1.1596265812,1.9488444175
-1.1596265812,1.9488444175
-1.1596265812,1.9488444175
-1.1596265812,1.9488444175
-1.1596265812,1.9488444175
-1.1596265812,1.9488444175
-1.1596265812,1.9488444175
-1.1596265812,1.9488444175
-1.1596265812,1.9488444175
-1.1596265812,1.9488444175
-1.1596265812,1.9488444175
-1.1596265812,1.9488444175
-1.1596265812,1.9488444175
-1.1596265812,1.9488444175
-1.1596265812,1.9488444175
-1.1596265812,1.9488444175
-1.1596265812,1.9488444175
-1.1596265812,1.9488444175
-1.1596265812,1.9488444175
-1.1596265812,1.9488444175
-1.1596265812,1.9488444175
-1.1596265812,1.9488444175
-1.1596265812,1.9488444175
-1.1596265812,1.9488444175
-1.1596265812,1.9488444175
-1.1596265812,1.9488444175
-1.1596265812,1.9488444175
-1.1596265812,1.9488444175
-1.1596265812,1.9488444175
-1.1596265812,1.9488444175
-1.1596265812,1.9488444175
-1.1596265812,1.9488444175
-1.1596265812,1.9488444175
-1.1596265812,1.9488444175
-1.1596265812,1.9488444175
-1.1596265812,1.9488444175
-1.1596265812,1.9488444175
-1.1596265812,1.9488444175
-1.1596265812,1.9488444175
-1.1596265812,1.9488444175
-1.1596265812,1.9488444175
-1.1596265812,1.9488444175
-1.1596265812,1.9488444175
-1.1596265812,1.9488444175
-1.1596265812,1.9488444175
-1.1596265812,1.9488444175
-1.1596265812,1.9488444175
-1.1596265812,1.9488444175
-1.1596265812,1.9488444175
-1.1596265812,1.9488444175
-1.1596265812,1.9488444175
-1.1596265812,1.9488444175
-1.1596265812,1.9488444175
-1.1596265812,1.9488444175
-1.1596265812,1.9488444175
-1.1596265812,1.9488444175
-1.1596265812,1.9488444175
-1.1596265812,1.9488444175
-1.1596265812,1.9488444175
-1.1596265812,1.9488444175
-1.1596265812,1.9488444175
-1.1596265812,1.9488444175
-1.1596265812,1.9488444175
-1.1596265812,1.9488444175
-1.1596265812,1.9488444175
-1.1596265812,1.9488444175
-1.1596265812,1.9488444175
-1.1596265812,1.9488444175
-1.1596265812,1.9488444175
-1.1596265812,1.9488444175
-1.1596265812,1.9488444175
-1.1596265812,1.9488444175
-1.1596265812,1.9488444175
-1.1596265812,1.9488444175
-1.1596265812,1.9488444175
-1.1596265812,1.9488444175
-1.1596265812,1.9488444175
-1.1596265812,1.9488444175
-1.1596265812,1.9488444175
-1.1596265812,1.9488444175
-1.1596265812,1.9488444175
-1.1596265812,1.9488444175
-1.1596265812,1.9488444175
-1.1596265812,1.9488444175
-1.1596265812,1.9488444175
-1.1596265812,1.9488444175
-1.1596265812,1.9488444175
-1.1596265812,1.9488444175
-1.1596265812,1.9488444175
-1.1596265812,1.9488444175
-1.1596265812,1.9488444175
-1.1596265812,1.9488444175
-1.1596265812,1.9488444175
-1.1596265812,1.9488444175
-1.1596265812,1.9488444175
-1.1596265812,1.9488444175
-1.1596265812,1.9488444175
-1.1596265812,1.9488444175
-1.1596265812,1.9488444175
-1.1596265812,1.9488444175
-1.1596265812,1.9488444175
-1.1596265812,1.9488444175
-1.1596265812,1.9488444175
-1.1596265812,1.9488444175
-1.1596265812,1.9488444175
-1.1596265812,1.9488444175
-1.1596265812,1.9488444175
-1.1596265812,1.9488444175
-1.1596265812,1.9488444175
-1.1596265812,1.9488444175
-1.1596265812,1.9488444175
-1.1596265812,1.9488444175
-1.1596265812,1.9488444175
-1.1596265812,1.9488444175
-1.1596265812,1.9488444175
-1.1596265812,1.9488444175
-1.1596265812,1.9488444175
-1.1596265812,1.9488444175
-1.1596265812,1.9488444175
-1.1596265812,1.9488444175
-1.1596265812,1.9488444175
-1.1596265812,1.9488444175
-1.1596265812,1.9488444175
-1.1596265812,1.9488444175
-1.1596265812,1.9488444175
-1.1596265812,1.9488444175
-1.1596265812,1.9488444175
-1.1596265812,1.9488444175
-1.1596265812,1.9488444175
